YearCover,WeekCover,TeacherAskingCover,HourAskedPerWeek,PercentageNotWorked
2023,02,"Peter Geiger",1,2.86
2023,35,"Fei Yang",18,51.43
2023,36,"Fei Yang",4,11.43
2023,37,"Thomas Jones-Parry",2,5.71
2023,38,"Julia Artamonova",4,11.43
2023,38,"Lilit Harutyunyan",3,8.57
2023,39,"Davud Hydryov",14,40.0
2023,39,"Murat Sevencan",2,5.71
2023,40,"Julia Artamonova",5,14.29
2023,40,"Elena Kostyukhina",4,11.43
2023,40,"Renata Orlandoni",3,8.57
2023,40,"Kostas Mathioudakis",3,8.57
2023,40,"Sara Karimli",1,2.86
2023,41,"Daniel Kekere",15,42.86
2023,41,"Emily Otieno",12,34.29
2023,41,"Salma Shindy Sherif",1,2.86
2023,41,"Benjamin Araud",1,2.86
2023,42,"Michael Saslawski",4,11.43
2023,45,"Emily Otieno",9,25.71
2023,45,"Murat Sevencan",4,11.43
2023,45,"Michael Saslawski",4,11.43
2023,45,"Sara Karimli",1,2.86
2023,45,"Renata Orlandoni",1,2.86
2023,46,"Michael Saslawski",5,14.29
2023,46,"Salma Shindy Sherif",3,8.57
2023,46,"Murat Sevencan",3,8.57
2023,46,"Emily Otieno",2,5.71
2023,47,"Renata Orlandoni",3,8.57
2023,48,"Salma Shindy Sherif",5,14.29
2023,48,"Renata Orlandoni",5,14.29
2023,48,"Murat Kaya",4,11.43
2023,48,"Patrick Kimuli",2,5.71
2023,49,"Elena Kostyukhina",12,34.29
2023,49,"Julia Artamonova",4,11.43
2023,49,"Fei Yang",2,5.71
2023,49,"Daniel Kekere",2,5.71
2023,49,"Benjamin Araud",1,2.86
2023,50,"Michael Saslawski",9,25.71
2024,02,"Emily Otieno",1,2.86
2024,03,"Peter Geiger",3,8.57
2024,04,"Salma Shindy Sherif",4,11.43
2024,04,"Julia Artamonova",3,8.57
2024,04,"Sara Karimli",2,5.71
2024,04,"Fei Yang",2,5.71
2024,04,"Anna Sayiin",2,5.71
2024,04,"Varvara Romashova",1,2.86
2024,04,"Renata Orlandoni",1,2.86
2024,05,"Dr Mary Limna Dcunha",2,5.71
2024,06,"Anna Sayiin",4,11.43
2024,07,"Michael Saslawski",3,8.57
2024,09,"Julia Artamonova",5,14.29
2024,09,"Dunja Antic",4,11.43
2024,09,"Lilit Harutyunyan",3,8.57
2024,09,"Renata Orlandoni",2,5.71
2024,09,"Kostas Mathioudakis",1,2.86
2024,09,"Dr Mary Limna Dcunha",1,2.86
2024,10,"Dr Mary Limna Dcunha",1,2.86
2024,11,"Renata Orlandoni",4,11.43
2024,11,"Kyriakos Tsafaras",4,11.43
2024,11,"Mr Vuk",2,5.71
2024,11,"Sergey Alferov",1,2.86
2024,12,"Kyriakos Tsafaras",3,8.57
2024,12,"Honey Bathia",3,8.57
2024,12,"Aytaj Hajizada",1,2.86
2024,12,"Aleksey Khodyka",1,2.86
2024,14,"Emily Otieno",3,8.57
2024,14,"Aleksey Khodyka",1,2.86
2024,15,"Emily Otieno",4,11.43
2024,15,"Audrey Oduor",3,8.57
2024,15,"Anna Sayiin",3,8.57
2024,15,"Sara Karimli",2,5.71
2024,15,"Nina Mamina",2,5.71
2024,16,"Elena Kostyukhina",4,11.43
2024,16,"Renata Orlandoni",2,5.71
2024,16,"Nina Mamina",2,5.71
2024,17,"Elena Kostyukhina",20,57.14
2024,17,"Murat Sevencan",4,11.43
2024,17,"Mr Vuk",1,2.86
2024,17,"Maria Metrokhina",1,2.86
2024,17,"Benjamin Araud",1,2.86
2024,21,"Julia Artamonova",8,22.86
2024,21,"Michael Saslawski",4,11.43
2024,21,"Aytaj Hajizada",2,5.71
2024,22,"Anna Sayiin",3,8.57
2024,22,"Fei Yang",1,2.86
2024,22,"Emily Otieno",1,2.86
2024,22,"Dr Mary Limna Dcunha",1,2.86
2024,22,"Craig Campion",1,2.86
2024,23,"Peter Geiger",11,31.43
2024,23,"Michael Saslawski",4,11.43
2024,23,"Nina Mamina",3,8.57
2024,23,"Emily Otieno",1,2.86
2024,24,"Peter Geiger",10,28.57
2024,24,"Salma Shindy Sherif",4,11.43
2024,24,"Nina Mamina",3,8.57
2024,24,"Anna Sayiin",1,2.86
2024,25,"Lilit Harutyunyan",1,2.86
2024,26,"Michael Saslawski",4,11.43
2024,26,"Anna Sayiin",3,8.57
2025,14,"Emily Otieno",2,5.71
