YearCover,MonthCover,TeacherAskingCover,HourAskedPerMonth,PercentageNotWorked
2023,01,"Peter Geiger",1,2.86
2023,08,"Fei Yang",14,40.0
2023,09,"Davud Hydryov",14,40.0
2023,09,"Fei Yang",8,22.86
2023,09,"Julia Artamonova",4,11.43
2023,09,"Lilit Harutyunyan",3,8.57
2023,09,"Thomas Jones-Parry",2,5.71
2023,09,"Murat Sevencan",2,5.71
2023,10,"Daniel Kekere",15,42.86
2023,10,"Emily Otieno",12,34.29
2023,10,"Julia Artamonova",5,14.29
2023,10,"Michael Saslawski",4,11.43
2023,10,"Elena Kostyukhina",4,11.43
2023,10,"Renata Orlandoni",3,8.57
2023,10,"Kostas Mathioudakis",3,8.57
2023,10,"Sara Karimli",1,2.86
2023,10,"Salma Shindy Sherif",1,2.86
2023,10,"Benjamin Araud",1,2.86
2023,11,"Emily Otieno",11,31.43
2023,11,"Michael Saslawski",9,25.71
2023,11,"Salma Shindy Sherif",8,22.86
2023,11,"Murat Sevencan",7,20.0
2023,11,"Renata Orlandoni",6,17.14
2023,11,"Murat Kaya",4,11.43
2023,11,"Sara Karimli",1,2.86
2023,12,"Elena Kostyukhina",12,34.29
2023,12,"Michael Saslawski",9,25.71
2023,12,"Julia Artamonova",4,11.43
2023,12,"Renata Orlandoni",3,8.57
2023,12,"Patrick Kimuli",2,5.71
2023,12,"Fei Yang",2,5.71
2023,12,"Daniel Kekere",2,5.71
2023,12,"Benjamin Araud",1,2.86
2024,01,"Salma Shindy Sherif",4,11.43
2024,01,"Peter Geiger",3,8.57
2024,01,"Julia Artamonova",3,8.57
2024,01,"Sara Karimli",2,5.71
2024,01,"Fei Yang",2,5.71
2024,01,"Dr Mary Limna Dcunha",2,5.71
2024,01,"Anna Sayiin",2,5.71
2024,01,"Varvara Romashova",1,2.86
2024,01,"Renata Orlandoni",1,2.86
2024,01,"Emily Otieno",1,2.86
2024,02,"Anna Sayiin",4,11.43
2024,02,"Michael Saslawski",3,8.57
2024,02,"Lilit Harutyunyan",3,8.57
2024,02,"Renata Orlandoni",2,5.71
2024,02,"Julia Artamonova",2,5.71
2024,02,"Dunja Antic",2,5.71
2024,02,"Kostas Mathioudakis",1,2.86
2024,02,"Dr Mary Limna Dcunha",1,2.86
2024,03,"Kyriakos Tsafaras",7,20.0
2024,03,"Renata Orlandoni",4,11.43
2024,03,"Julia Artamonova",3,8.57
2024,03,"Honey Bathia",3,8.57
2024,03,"Mr Vuk",2,5.71
2024,03,"Dunja Antic",2,5.71
2024,03,"Sergey Alferov",1,2.86
2024,03,"Dr Mary Limna Dcunha",1,2.86
2024,03,"Aytaj Hajizada",1,2.86
2024,03,"Aleksey Khodyka",1,2.86
2024,04,"Elena Kostyukhina",24,68.57
2024,04,"Emily Otieno",7,20.0
2024,04,"Nina Mamina",4,11.43
2024,04,"Murat Sevencan",4,11.43
2024,04,"Audrey Oduor",3,8.57
2024,04,"Anna Sayiin",3,8.57
2024,04,"Sara Karimli",2,5.71
2024,04,"Renata Orlandoni",2,5.71
2024,04,"Mr Vuk",1,2.86
2024,04,"Maria Metrokhina",1,2.86
2024,04,"Benjamin Araud",1,2.86
2024,04,"Aleksey Khodyka",1,2.86
2024,05,"Julia Artamonova",8,22.86
2024,05,"Michael Saslawski",4,11.43
2024,05,"Anna Sayiin",3,8.57
2024,05,"Aytaj Hajizada",2,5.71
2024,05,"Fei Yang",1,2.86
2024,05,"Emily Otieno",1,2.86
2024,05,"Dr Mary Limna Dcunha",1,2.86
2024,05,"Craig Campion",1,2.86
2024,06,"Peter Geiger",21,60.0
2024,06,"Michael Saslawski",8,22.86
2024,06,"Nina Mamina",6,17.14
2024,06,"Salma Shindy Sherif",4,11.43
2024,06,"Anna Sayiin",4,11.43
2024,06,"Lilit Harutyunyan",1,2.86
2024,06,"Emily Otieno",1,2.86
2025,04,"Emily Otieno",2,5.71
