YearCover,TeacherAskingCover,HourAskedPerYear,PercentageNotWorked
2023,"Fei Yang",24,68.57
2023,"Emily Otieno",23,65.71
2023,"Michael Saslawski",22,62.86
2023,"Daniel Kekere",17,48.57
2023,"Elena Kostyukhina",16,45.71
2023,"Davud Hydryov",14,40.0
2023,"Julia Artamonova",13,37.14
2023,"Renata Orlandoni",12,34.29
2023,"Salma Shindy Sherif",9,25.71
2023,"Murat Sevencan",9,25.71
2023,"Murat Kaya",4,11.43
2023,"Lilit Harutyunyan",3,8.57
2023,"Kostas Mathioudakis",3,8.57
2023,"Thomas Jones-Parry",2,5.71
2023,"Sara Karimli",2,5.71
2023,"Patrick Kimuli",2,5.71
2023,"Benjamin Araud",2,5.71
2023,"Peter Geiger",1,2.86
2024,"Peter Geiger",24,68.57
2024,"Elena Kostyukhina",24,68.57
2024,"Julia Artamonova",16,45.71
2024,"Anna Sayiin",16,45.71
2024,"Michael Saslawski",15,42.86
2024,"Nina Mamina",10,28.57
2024,"Emily Otieno",10,28.57
2024,"Renata Orlandoni",9,25.71
2024,"Salma Shindy Sherif",8,22.86
2024,"Kyriakos Tsafaras",7,20.0
2024,"Dr Mary Limna Dcunha",5,14.29
2024,"Sara Karimli",4,11.43
2024,"Murat Sevencan",4,11.43
2024,"Lilit Harutyunyan",4,11.43
2024,"Dunja Antic",4,11.43
2024,"Mr Vuk",3,8.57
2024,"Honey Bathia",3,8.57
2024,"Fei Yang",3,8.57
2024,"Aytaj Hajizada",3,8.57
2024,"Audrey Oduor",3,8.57
2024,"Aleksey Khodyka",2,5.71
2024,"Varvara Romashova",1,2.86
2024,"Sergey Alferov",1,2.86
2024,"Maria Metrokhina",1,2.86
2024,"Kostas Mathioudakis",1,2.86
2024,"Craig Campion",1,2.86
2024,"Benjamin Araud",1,2.86
2025,"Emily Otieno",2,5.71
