Date,Period,Class,Room,Teacher Asking Cover,Subject,Reason,Teacher Giving Cover,Email
28/08/2023,P2,Y7,3.18,Fei Yang,Mandarin,Personal,Benjamin Araud,
28/08/2023,P3,Y10,3.18,Fei Yang,Mandarin,Personal,Anna Sayiin,
29/08/2023,P1,Y9,3.18,Fei Yang,Mandarin,Personal,Gary Matos,
29/08/2023,P2,Y10,3.18,Fei Yang,Mandarin,Personal,Michael Saslawski,
29/08/2023,P3,Y12,3.18,Fei Yang,Mandarin,Personal,Daniel Kekere,
29/08/2023,P4,Y12,3.18,Fei Yang,Mandarin,Personal,Murat Sevencan,
29/08/2023,P5,Y13,3.18,Fei Yang,Mandarin,Personal,Mostafa Louassini,
29/08/2023,P6,Y13,3.18,Fei Yang,Mandarin,Personal,Dr Mary Limna Dcunha,
30/08/2023,P4,Y12,3.18,Fei Yang,Mandarin,Personal,Domenico Galizia,
30/08/2023,P5,Y9,3.18,Fei Yang,Mandarin,Personal,Davud Hydryov,
31/08/2023,P3,Y11,3.18,Fei Yang,Mandarin,Personal,Murat Sevencan,
31/08/2023,P4,Y7,3.18,Fei Yang,Mandarin,Personal,Benjamin Araud,
31/08/2023,P5,Y8,3.18,Fei Yang,Mandarin,Personal,Thomas Jones-Parry,
31/08/2023,P6,Y13,3.18,Fei Yang,Mandarin,Personal,Murat Kaya,
01/09/2023,P1,Y12,3.18,Fei Yang,Mandarin,Personal,Julia Artamonova,
01/09/2023,P3,Y13,3.18,Fei Yang,Mandarin,Personal,Emily Otieno,
01/09/2023,P4,Y11,3.18,Fei Yang,Mandarin,Personal,Salma Shindy Sherif,
01/09/2023,P5,Y8,3.18,Fei Yang,Mandarin,Personal,Sergey Alferov,
07/09/2023,P3,Y11,3.18,Fei Yang,Mandarin,Personal,Murat Sevencan,
07/09/2023,P4,Y7,3.18,Fei Yang,Mandarin,Personal,Benjamin Araud,
07/09/2023,P5,Y8,3.18,Fei Yang,Mandarin,Personal,Thomas Jones-Parry,
07/09/2023,P6,Y13,3.18,Fei Yang,Mandarin,Personal,Murat Kaya,
14/09/2023,P3,8R,3.18,Thomas Jones-Parry,I&S,Personal,Anna Sayiin,
14/09/2023,P6,10B,3.15,Thomas Jones-Parry,I&S,Personal,Emily Otieno,
19/09/2023,P1,Y12,3.19R,Lilit Harutyunyan,English,Personal,Elena Kostyukhina,https://mail.google.com/mail/u/0/#inbox/FMfcgzGtxKPHwDwmzNnnqLkbnvlmXqrM
19/09/2023,P2,Y12,3.19R,Lilit Harutyunyan,English,Personal,Michael Saslawski,
19/09/2023,P3,11R,3.20K,Lilit Harutyunyan,English,Personal,Audrey Oduor,
19/09/2023,P2,Y13,3.07,Julia Artamonova,Art,Personal,Sara Karimli,https://mail.google.com/mail/u/0/#inbox/FMfcgzGtxKQQMDnQGpRbbTqqGPPJgvjx
19/09/2023,P3,Y13,3.07,Julia Artamonova,Art,Personal,Peter Geiger,
19/09/2023,P4,Y10,3.07,Julia Artamonova,Art,Personal,Renata Orlandoni,
19/09/2023,P6,8B,3.07,Julia Artamonova,Art,Personal,Gary Matos,
26/09/2023,P5,Y8,3.22S,Murat Sevencan,Maths,Personal,Domenico Galizia,
26/09/2023,P6,Y10,3.22S,Murat Sevencan,Maths,Personal,Patrick Kimuli,
27/09/2023,P2,Y9,3.21B,Davud Hydryov,Maths,Personal,Kostas Mathioudakis,https://mail.google.com/mail/u/0/#inbox/FMfcgzGtxSpBmjFWLVSsbgZwtFmQWSnG
27/09/2023,P3,Y13,3.21B,Davud Hydryov,Maths,Personal,Murat Sevencan,
27/09/2023,P4,Y13,3.21B,Davud Hydryov,Maths,Personal,Murat Kaya,
27/09/2023,P5,Y12,3.20S,Davud Hydryov,Economics,Personal,Daniel Kekere,
27/09/2023,P6,Y12,3.20S,Davud Hydryov,Economics,Personal,Kyriakos Tsafaras,
28/09/2023,P2,Y9,3.21B,Davud Hydryov,Maths,Personal,Julia Artamonova,
28/09/2023,P3,Y13,3.21B,Davud Hydryov,Maths,Personal,Mostafa Louassini,
28/09/2023,P4,Y13,3.21B,Davud Hydryov,Maths,Personal,Patrick Kimuli,
28/09/2023,P5,Y12,3.20S,Davud Hydryov,Maths,Personal,Emily Otieno,
28/09/2023,P6,Y12,3.20S,Davud Hydryov,Maths,Personal,Sara Karimli,
29/09/2023,P1,Y13,3.14,Davud Hydryov,Economics,Personal,Daniel Kekere,
29/09/2023,P2,Y9,3.21B,Davud Hydryov,Maths,Personal,Audrey Oduor,
29/09/2023,P5,Y12,3.20S,Davud Hydryov,Maths,Personal,Salma Shindy Sherif,
29/09/2023,P6,Y12,3.20S,Davud Hydryov,Maths,Personal,Dr Mary Limna Dcunha,
02/10/2023,P1,Y12,2.01,Renata Orlandoni,Music,Personal,Sara Karimli,
02/10/2023,P5,Y10,2.01,Renata Orlandoni,Music,Personal,Peter Geiger,
02/10/2023,P6,Y8,2.01,Renata Orlandoni,Music,Personal,Gary Matos,
03/10/2023,P1,Y13,3.22K,Kostas Mathioudakis,Maths,Personal,Emily Otieno,https://mail.google.com/mail/u/0/#inbox/FMfcgzGtxSxDgKXTShfGJfmJSFmzZlzg
03/10/2023,P2,Y11,3.22K,Kostas Mathioudakis,Maths,Personal,Daniel Kekere,
03/10/2023,P5,Y12,3.31,Kostas Mathioudakis,Maths,Personal,Sergey Alferov,
03/10/2023,P3,9R,3.20S,Elena Kostyukhina,English,Personal,Audrey Oduor,https://mail.google.com/mail/u/0/#inbox/FMfcgzGtxSxDgKXTRblmHXZhVLrWWChT
03/10/2023,P4,8B,3.20S,Elena Kostyukhina,English,Personal,Dr Mary Limna Dcunha,
03/10/2023,P5,10R,3.20S,Elena Kostyukhina,English,Personal,Lilit Harutyunyan,
03/10/2023,P6,8R,3.20S,Elena Kostyukhina,English,Personal,Svetlana Kivelidi,
05/10/2023,P3,Y12,3.07,Julia Artamonova,Art,Personal,Sara Karimli,https://mail.google.com/mail/u/0/#inbox/FMfcgzGtxSzNBTsmtWfsqdZTgQgJrgzj
05/10/2023,P4,Y12,3.07,Julia Artamonova,Art,Personal,Renata Orlandoni,
06/10/2023,P3,Y8,3.07,Julia Artamonova,Art,Personal,Emily Otieno,https://mail.google.com/mail/u/0/#inbox/FMfcgzGtxSzNBTsmtWfsqdZTgQgJrgzj
06/10/2023,P4,Y9,3.07,Julia Artamonova,Art,Personal,Michael Saslawski,
06/10/2023,P6,Y13,3.07,Julia Artamonova,Art,Personal,Gary Matos,
06/10/2023,P3,Y9,2.03,Sara Karimli,Art,Personal,Renata Orlandoni,https://mail.google.com/mail/u/0/#label/COVERS/FMfcgzGtxdSVZVZCrVMBPpTHWRssTWph
09/10/2023,P3,Y10,3.29,Benjamin Araud,French,Personal,Lucas Marville,https://mail.google.com/mail/u/0/#label/COVERS/FMfcgzGtxdSVZVZCrVMBPpTHWRssTWph
10/10/2023,P1,Y13,3.22K,Daniel Kekere,Maths,Personal,Murat Sevencan,
10/10/2023,P5,Y8,3.22K,Daniel Kekere,Maths,Personal,Emily Otieno,
10/10/2023,P6,Y9,3.22K,Daniel Kekere,Maths,Personal,Kostas Mathioudakis,
11/10/2023,P3,Y8,3.22S,Daniel Kekere,Maths,Personal,Lucas Marville,
11/10/2023,P4,Y9,3.22S,Daniel Kekere,Maths,Personal,Elena Kostyukhina,
11/10/2023,P4,Y10,3.14,Emily Otieno,Maths,Personal,Patrick Kimuli,
11/10/2023,P6,Y10,3.14,Emily Otieno,Physics,Personal,Michael Saslawski,
12/10/2023,P1,Y12,3.31,Daniel Kekere,Maths,Personal,Benjamin Araud,
12/10/2023,P2,Y9,3.19B,Daniel Kekere,Maths,Personal,Julia Artamonova,
12/10/2023,P3,Y13,3.22S,Daniel Kekere,Maths,Personal,Nina Mamina,
12/10/2023,P4,Y13,3.22S,Daniel Kekere,Maths,Personal,Murat Sevencan,
12/10/2023,P6,Y8,3.22K,Daniel Kekere,Maths,Personal,Kyriakos Tsafaras,
12/10/2023,P1,Y10,3.14,Emily Otieno,Physics,Personal,Fei Yang,
12/10/2023,P2,Y10,3.22K,Emily Otieno,Maths,Personal,Laura Ruiz,
12/10/2023,P3,Y12,3.14,Emily Otieno,Physics,Personal,Murat Kaya,
12/10/2023,P4,Y12,3.14,Emily Otieno,Physics,Personal,Patrick Kimuli,
12/10/2023,P6,Y11,3.11,Emily Otieno,Physics,Personal,Kostas Mathioudakis,
13/10/2023,P1,Y11,3.11,Salma Shindy Sherif,Chemistry,Personal,Julia Artamonova,https://mail.google.com/mail/u/0/#inbox/FMfcgzGtxdWxlVjdZKNQWWDFXTDfqchL
13/10/2023,P1,Y11,3.11,Emily Otieno,Physics,Personal,Svetlana Kivelidi,
13/10/2023,P2,Y10,3.22K,Emily Otieno,Physics,Personal,Fei Yang,
13/10/2023,P4,Y10,3.22K,Emily Otieno,Maths,Personal,Sergey Alferov,
13/10/2023,P5,Y10,3.11,Emily Otieno,Physics,Personal,Varvara Romashova,
13/10/2023,P6,Y13,3.14,Emily Otieno,Physics,Personal,Mostafa Louassini,
13/10/2023,P2,Y9,3.22S,Daniel Kekere,Maths,Personal,Brendan Henderson,
13/10/2023,P3,Y12,3.14,Daniel Kekere,Maths,Personal,Davud Hydryov,
13/10/2023,P4,Y12,3.14,Daniel Kekere,Maths,Personal,Michael Saslawski,
13/10/2023,P5,Y13,3.14,Daniel Kekere,Maths,Personal,Nina Mamina,
13/10/2023,P6,Y8,3.21B,Daniel Kekere,Maths,Personal,David Haire,
18/10/2023,P2,8B,3.15,Michael Saslawski,I&S,Personal,Mostafa Louassini,https://mail.google.com/mail/u/0/#inbox/FMfcgzGwHLfLgtZMbFRFZXhdhCtpbMhM
18/10/2023,P3,7B,3.16,Michael Saslawski,I&S,Personal,Patrick Kimuli,
18/10/2023,P4,7R,3.16,Michael Saslawski,I&S,Personal,Sara Karimli,
18/10/2023,P5,7R,3.20S,Michael Saslawski,English,Personal,Aaron Rodriguez,
07/11/2023,P2,Y11,3.22s,Murat Sevencan,Maths,Personal,Daniel Kekere,https://mail.google.com/mail/u/0/#label/COVERS/FMfcgzGwHLhfznTvVndRnZbQNbNRlCpn
07/11/2023,P4,Y7,3.22s,Murat Sevencan,Maths,Personal,Emily Otieno,
07/11/2023,P5,Y8,3.22s,Murat Sevencan,Maths,Personal,Murat Kaya,
07/11/2023,P6,Y10,3.22s,Murat Sevencan,Maths,Personal,Renata Orlandoni,
07/11/2023,P5,Y10,2.01,Renata Orlandoni,Music,Personal,Emily Otieno,
07/11/2023,P1,7R,3.20S,Michael Saslawski,English,Personal,Gary Matos,
07/11/2023,P3,10R,3.16,Michael Saslawski,I&S,Personal,Daniel Kekere,
07/11/2023,P5,9K,3.16,Michael Saslawski,I&S,Personal,Domenico Galizia,
07/11/2023,P6,7B,3.15,Michael Saslawski,I&S,Personal,Dr Mary Limna Dcunha,
08/11/2023,P5,Y12,3.14,Emily Otieno,Physics,Personal,Aaron Rodriguez,
08/11/2023,P6,Y10,3.14,Emily Otieno,Physics,Personal,Davud Hydryov,
09/11/2023,P1,Y10,3.14,Emily Otieno,Physics,Personal,Aytaj Hajizada,
09/11/2023,P3,Y12,3.14,Emily Otieno,Physics,Personal,Murat Kaya,
09/11/2023,P4,Y12,3.14,Emily Otieno,Physics,Personal,Mostafa Louassini,
09/11/2023,P6,Y11,3.11,Emily Otieno,Physics,Personal,Kostas Mathioudakis,
10/11/2023,P1,Y11,3.11,Emily Otieno,Physics,Personal,Julia Artamonova,
10/11/2023,P2,Y10,3.22K,Emily Otieno,Physics,Personal,Lucas Marville,
10/11/2023,P5,Y10,3.11,Emily Otieno,Physics,Personal,Murat Sevencan,
10/11/2023,P1,Y11,2.03,Sara Karimli,Drama,Personal,Julia Artamonova,
13/11/2023,P1,Y11,3.22K,Emily Otieno,Maths,Personal,Murat Kaya,
13/11/2023,P3,,3.14,Emily Otieno,Physics,Personal,Renata Orlandoni,
13/11/2023,P1,8B,3.10,Salma Shindy Sherif,Science,Personal,Laura Ruiz,
13/11/2023,P5,9B,,Salma Shindy Sherif,Science,Personal,Benjamin Araud,
13/11/2023,P6,8R,3.10,Salma Shindy Sherif,Science,Personal,Aaron Rodriguez,
13/11/2023,P1,7B,3.17,Michael Saslawski,I&S,Personal,Aytaj Hajizada,https://mail.google.com/mail/u/0/#inbox/FMfcgzGwHfpMcwCfqFPJLKrQJkHCCjvd
13/11/2023,P3,9B,3.15,Michael Saslawski,I&S,Personal,Anna Sayiin,
13/11/2023,P4,9K,3.16,Michael Saslawski,I&S,Personal,Dr Mary Limna Dcunha,
13/11/2023,P5,7R,3.19B,Michael Saslawski,English,Personal,Daniel Kekere,
13/11/2023,P6,10R,3.16,Michael Saslawski,I&S,Personal,Mostafa Louassini,
17/11/2023,P1,Y7,3.22S,Murat Sevencan,Maths,Personal,Emily Otieno,https://mail.google.com/mail/u/0/#inbox/FMfcgzGwHftxhKGVglhcgNPVWLrjTXWT
17/11/2023,P4,Y10,3.22S,Murat Sevencan,Maths,Personal,Sergey Alferov,
17/11/2023,P6,Y8,3.22K,Murat Sevencan,Maths,Personal,Laura Ruiz,
20/11/2023,P1,Y11,2.01,Renata Orlandoni,Music,Personal,Laura Ruiz,
20/11/2023,P5,Y10,2.01,Renata Orlandoni,Music,Personal,Peter Geiger,
20/11/2023,P6,8B,2.01,Renata Orlandoni,Music,Personal,Gary Matos,
28/11/2023,P1,10R,3.10,Murat Kaya,Chemistry,Personal,Murat Sevencan,https://mail.google.com/mail/u/0/#inbox/FMfcgzGwHpXKlLdGshQrBmTwhNwLtChN
28/11/2023,P2,Y13,3.10,Murat Kaya,Chemistry,Personal,Renata Orlandoni,
28/11/2023,P3,Y13,3.10,Murat Kaya,Chemistry,Personal,Kostas Mathioudakis,
28/11/2023,P6,Y13,3.10,Murat Kaya,Chemistry,Personal,Patrick Kimuli,
28/11/2023,P2,8B,3.14,Salma Shindy Sherif,Chemistry,Personal,Mostafa Louassini,
28/11/2023,P3,9B,3.14,Salma Shindy Sherif,Chemistry,Personal,Thomas Jones-Parry,
28/11/2023,P4,Y11,3.10,Salma Shindy Sherif,Chemistry,Personal,Audrey Oduor,
28/11/2023,P5,9R,3.10,Salma Shindy Sherif,Chemistry,Personal,Sergey Alferov,
28/11/2023,P6,Y11,3.10,Salma Shindy Sherif,Chemistry,Personal,Svetlana Kivelidi,
30/11/2023,P1,Y9,2.01,Renata Orlandoni,Music,Personal,Sergey Alferov,
30/11/2023,P3,Y9,2.01,Renata Orlandoni,Music,Personal,Anna Sayiin,
01/12/2023,P1,Y9,2.01,Renata Orlandoni,Music,Personal,Julia Artamonova,
01/12/2023,P4,7R,2.01,Renata Orlandoni,Music,Personal,Davud Hydryov,
01/12/2023,P6,7B,2.01,Renata Orlandoni,Music,Personal,Peter Geiger,
01/12/2023,P2,Y10,3.10,Patrick Kimuli,Science,Personal,Kyriakos Tsafaras,
01/12/2023,P6,7R,3.09,Patrick Kimuli,Science,Personal,Elena Kostyukhina,
04/12/2023,P2,Y7,3.18,Fei Yang,Mandarin,Personal,Michael Saslawski,
04/12/2023,P3,Y10,3.18,Fei Yang,Mandarin,Personal,Sara Karimli,
04/12/2023,P3,Y10,3.29,Benjamin Araud,French,Personal,Renata Orlandoni,
05/12/2023,P5,Y8,3.22K,Daniel Kekere,Maths,Personal,Domenico Galizia,
05/12/2023,P6,Y9,3.22K,Daniel Kekere,Maths,Personal,Aaron Rodriguez,
06/12/2023,P2,10R,3.20S,Elena Kostyukhina,English,Personal,Lilit Harutyunyan,
06/12/2023,P3,9R,3.19B,Elena Kostyukhina,English,Personal,Aytaj Hajizada,
06/12/2023,P5,8B,3.20K,Elena Kostyukhina,English,Personal,Svetlana Kivelidi,
06/12/2023,P6,8R,3.19R,Elena Kostyukhina,English,Personal,Lucas Marville,
06/12/2023,P2,Y11,3.07,Julia Artamonova,Art,Personal,Peter Geiger,
06/12/2023,P3,Y10,3.07,Julia Artamonova,Art,Personal,Emily Otieno,
06/12/2023,P4,Y11,3.07,Julia Artamonova,Art,Personal,Sara Karimli,
06/12/2023,P6,9B,3.07,Julia Artamonova,Art,Personal,Davud Hydryov,
07/12/2023,P1,9R,3.19B,Elena Kostyukhina,English,Personal,Benjamin Araud,
07/12/2023,P3,8B,3.20K,Elena Kostyukhina,English,Personal,Nina Mamina,
07/12/2023,P4,8R,3.19R,Elena Kostyukhina,English,Personal,Mostafa Louassini,
07/12/2023,P6,10R,3.20S,Elena Kostyukhina,English,Personal,Kyriakos Tsafaras,
08/12/2023,P1,10R,3.20S,Elena Kostyukhina,English,Personal,Lilit Harutyunyan,
08/12/2023,P3,8B,3.20K,Elena Kostyukhina,English,Personal,Davud Hydryov,
08/12/2023,P4,8R,3.19R,Elena Kostyukhina,English,Personal,Michael Saslawski,
08/12/2023,P5,9R,3.19B,Elena Kostyukhina,English,Personal,Dr Mary Limna Dcunha,
13/12/2023,P2,8B,3.15,Michael Saslawski,I&S,Personal,Domenico Galizia,
13/12/2023,P3,7B,3.16,Michael Saslawski,I&S,Personal,Benjamin Araud,
13/12/2023,P4,7R,3.16,Michael Saslawski,I&S,Personal,Svetlana Kivelidi,
13/12/2023,P5,7R,3.20,Michael Saslawski,English,Personal,Sergey Alferov,
14/12/2023,P2,7R,3.16,Michael Saslawski,I&S,Personal,Julia Artamonova,
14/12/2023,P3,10R,3.16,Michael Saslawski,I&S,Personal,Mostafa Louassini,
14/12/2023,P4,8B,3.16,Michael Saslawski,I&S,Personal,Murat Kaya,
14/12/2023,P5,9B,3.15,Michael Saslawski,I&S,Personal,Svetlana Kivelidi,
14/12/2023,P6,7R,3.20S,Michael Saslawski,English,Personal,Emily Otieno,
14/01/2023,P2,8S,3.07,Peter Geiger,Art,Personal,Julia Artamonova,https://mail.google.com/mail/u/0/#inbox/FMfcgzGwJJVmKMkqxfZHKnHWwXTzNbKj
10/01/2024,P6,Y11,3.14,Emily Otieno,Science,Personal,Elena Sukhova,
19/01/2024,P2,7B,3.07,Peter Geiger,Art,Personal,Julia Artamonova,
19/01/2024,P3,7R,3.07,Peter Geiger,Art,Personal,Sara Karimli,
19/01/2024,P4,9E,3.18,Peter Geiger,Art,Personal,Mostafa Louassini,
22/01/2024,P5,Y9,3.18,Fei Yang,Mandarin,Personal,Gary Matos,
22/01/2024,P6,Y7,3.18,Fei Yang,Mandarin,Personal,Benjamin Araud,
22/01/2024,P1,Y10,3.11,Salma Shindy Sherif,Science,Personal,Davud Hydryov,
22/01/2024,P2,Y11,3.11,Salma Shindy Sherif,Science,Personal,Domenico Galizia,
22/01/2024,P3,9B,3.10,Salma Shindy Sherif,Science,Personal,Laura Ruiz,
22/01/2024,P6,Y11,3.10,Salma Shindy Sherif,Science,Personal,Nina Mamina,
22/01/2024,P3,9K,2.13,Anna Sayiin,Russian,Personal,Sergey Alferov,
22/01/2024,P1,Y11,3.07,Julia Artamonova,Art,Personal,Michael Saslawski,
22/01/2024,P2,9R,3.07,Julia Artamonova,Art,Personal,Emily Otieno,
22/01/2024,P3,Y10,3.07,Julia Artamonova,Art,Personal,Elena Kostyukhina,
22/01/2024,P6,Y8B,2.01,Renata Orlandoni,Music,Personal,Peter Geiger,
24/01/2024,P3,9R,2.14,Anna Sayiin,Russian,Personal,Sara Karimli,
26/01/2024,P1,Y11,3.17,Varvara Romashova,Russian,Personal,Gary Matos,
26/01/2024,P4,7B,2.03,Sara Karimli,Drama,Personal,Mostafa Louassini,
26/01/2024,P6,Y10,2.03,Sara Karimli,Drama,Personal,Nina Mamina,
29/01/2024,P1,Y12,2.12,Dr Mary Limna Dcunha,TOK,Personal,Varvara Romashova,
29/01/2024,P6,Y10,3.19R,Dr Mary Limna Dcunha,English,Personal,Gary Matos,
07/02/2024,P3,9R,2.14,Anna Sayiin,Russian,Personal,Nina Mamina,
09/02/2024,P1,Y11,2.14,Anna Sayiin,Russian,Personal,Gary Matos,
09/02/2024,P5,9R,2.14,Anna Sayiin,Russian,Personal,Emily Otieno,
09/02/2024,P6,8R,2.14,Anna Sayiin,Russian,Personal,Elena Kostyukhina,
16/02/2024,P2,8B,3.15,Michael Saslawski,I&S,Personal,Aytaj Hajizada,
16/02/2024,P3,7B,3.15,Michael Saslawski,I&S,Personal,Benjamin Araud,
16/02/2024,P5,7R,3.15,Michael Saslawski,I&S,Personal,Fei Yang,
26/02/2024,P1,Y10,3.20S,Dr Mary Limna Dcunha,English,Personal,Benjamin Araud,
27/02/2024,P3,Y9,3.22S,Kostas Mathioudakis,Maths,Personal,Sara Karimli,
28/02/2024,P5,Y7,SWP,Dunja Antic,PE,Personal,Salma Shindy Sherif,
28/02/2024,P4,Y10,2.01,Renata Orlandoni,Music,Personal,Sergey Alferov,
28/02/2024,P6,Y11,2.01,Renata Orlandoni,Music,Personal,Laura Ruiz,
28/02/2024,P2,11R,3.19B,Lilit Harutyunyan,English,Personal,Kyriakos Tsafaras,
28/02/2024,P3,Y11,KEY,Lilit Harutyunyan,English,Personal,Aleksey Khodyka,
28/02/2024,P6,9K,3.19R,Lilit Harutyunyan,English,Personal,Michael Saslawski,
29/02/2024,P1,9K,3.07,Julia Artamonova,Art,Personal,Sara Karimli,
29/02/2024,P2,8B,3.07,Julia Artamonova,Art,Personal,Varvara Romashova,
29/02/2024,P3,Y7,MSH,Dunja Antic,PE,Personal,Mostafa Louassini,
01/03/2024,P1,Y7,SWP,Dunja Antic,PE,Personal,David Haire,
01/03/2024,P4,11R,SH,Dunja Antic,PE,Personal,David Haire,
01/03/2024,P2,9K,3.07,Julia Artamonova,Art,Personal,Varvara Romashova,
01/03/2024,P4,9B,3.07,Julia Artamonova,Art,Personal,Renata Orlandoni,
01/03/2024,P6,8B,3.07,Julia Artamonova,Art,Personal,Peter Geiger,
05/03/2024,P2,Y10,3.20S,Dr Mary Limna Dcunha,English,Personal,Thomas Jones-Parry,
11/03/2024,P1,,3.17,Mr Vuk,English,Personal,Gary Matos,
13/03/2024,P2,10R,3.16,Sergey Alferov,I&S,Personal,Davud Hydryov,
13/03/2024,P4,Y10,2.01,Renata Orlandoni,Music,Personal,Sara Karimli,
13/03/2024,P6,Y10,2.01,Renata Orlandoni,Music,Personal,Lucas Marville,
14/03/2024,P6,Y7,3 21R,Kyriakos Tsafaras,Maths,Personal,Julia Artamonova,
14/03/2024,P1,Y8,2.01,Renata Orlandoni,Music,Personal,Domenico Galizia,
14/03/2024,P2,7R,2.01,Renata Orlandoni,Music,Personal,Gary Matos,
15/03/2024,P6,,KC,Mr Vuk,English,Personal,Audrey Oduor,
15/03/2024,P2,Y11,3.21R,Kyriakos Tsafaras,Maths,Personal,Salma Shindy Sherif,
15/03/2024,P5,Y7,3.21R,Kyriakos Tsafaras,Maths,Personal,Fei Yang,
15/03/2024,P6,Y10,3.21R,Kyriakos Tsafaras,Maths,Personal,Renata Orlandoni,
18/03/2024,P2,Y7,3.21R,Kyriakos Tsafaras,Maths,Personal,Aytaj Hajizada,
18/03/2024,P3,Y10,3.21R,Kyriakos Tsafaras,Maths,Personal,Laura Ruiz,
18/03/2024,P4,Y11,3.21R,Kyriakos Tsafaras,Maths,Personal,Salma Shindy Sherif,
20/03/2024,P2,Y10,SH,Honey Bathia,PE,Personal,Peter Geiger,
20/03/2024,P4,Y11,LIB,Honey Bathia,PE,Personal,Sara Karimli,
20/03/2024,P5,Y7,SH,Honey Bathia,PE,Personal,Salma Shindy Sherif,
22/03/2024,P3,Y10,3.10,Aleksey Khodyka,Science,Personal,Murat Kaya,
22/03/2024,P2,Y8,3.19B,Aytaj Hajizada,Spanish,Personal,Salma Shindy Sherif,
01/04/2024,P3,11R,3.09,Emily Otieno,Physics,Personal,Fei Yang,
01/04/2024,P4,11R,3.21B,Emily Otieno,Maths,Personal,Michael Saslawski,
01/04/2024,P5,10R,3.09,Emily Otieno,Physics,Personal,Mostafa Louassini,
05/04/2024,P3,Y10,3.10,Aleksey Khodyka,ESS,Personal,Julia Artamonova,
08/04/2024,P5,Y11,3.19R,Audrey Oduor,English,Personal,Julia Artamonova,
09/04/2024,P3,Y11,3.19R,Audrey Oduor,English,Personal,Gary Matos,
09/04/2024,P1,Y11,2.03,Sara Karimli,Art,Personal,Michael Saslawski,
09/04/2024,P4,7R,2.03,Sara Karimli,Art,Personal,Dr Mary Limna Dcunha,
10/04/2024,P2,Y11,3.19R,Audrey Oduor,English,Personal,Davud Hydryov,
10/04/2024,P4,Y7,2.14,Anna Sayiin,Russian,Personal,Sara Karimli,
10/04/2024,P5,Y8,2.14,Anna Sayiin,Russian,Personal,Aaron Rodriguez,
10/04/2024,P6,Y10,2.12,Anna Sayiin,Russian,Personal,Aleksey Khodyka,
10/04/2025,P5,Y11RB,3.21B,Emily Otieno,Maths,Personal,Kostas Mathioudakis,
10/04/2025,P6,Y11,3.09,Emily Otieno,Physics,Personal,Aleksey Khodyka,
11/04/2024,P2,Y11,3.21B,Emily Otieno,Maths,Personal,Davud Hydryov,
11/04/2024,P6,Y10,3.10,Emily Otieno,Maths,Personal,Julia Artamonova,
12/04/2024,P4,Y7,2.13,Nina Mamina,Russian,Personal,Mostafa Louassini,
12/04/2024,P5,Y9,2.13,Nina Mamina,Russian,Personal,Fei Yang,
12/04/2024,P2,Y11,3.21B,Emily Otieno,Maths,Personal,Sara Karimli,
12/04/2024,P4,Y10,3.10,Emily Otieno,Physics,Personal,Michael Saslawski,
18/04/2024,P2,Y7,3.19B,Elena Kostyukhina,English,Personal,Davud Hydryov,
18/04/2024,P3,Y10,3.20K,Elena Kostyukhina,English,Personal,Audrey Oduor,
18/04/2024,P4,Y9,3.20K,Elena Kostyukhina,English,Personal,Nina Mamina,
18/04/2024,P5,Y8,3.20K,Elena Kostyukhina,English,Personal,Svetlana Kivelidi,
18/04/2024,P1,Y8,2.01,Renata Orlandoni,Music,Personal,Domenico Galizia,
18/04/2024,P2,Y7,2.01,Renata Orlandoni,Music,Personal,Peter Geiger,
19/04/2024,P4,Y7,2.13,Nina Mamina,Russian,Personal,Aleksey Khodyka,
19/04/2024,P5,Y9,2.13,Nina Mamina,Russian,Personal,Emily Otieno,
22/04/2024,P1,Y10,3.20K,Elena Kostyukhina,English,Personal,Gary Matos,
22/04/2024,P2,Y8,3.20K,Elena Kostyukhina,English,Personal,Aytaj Hajizada,
22/04/2024,P4,Y7,3.20K,Elena Kostyukhina,English,Personal,Dr Mary Limna Dcunha,
22/04/2024,P6,Y9,3.20K,Elena Kostyukhina,English,Personal,Audrey Oduor,
22/04/2024,P1,,3.17,Mr Vuk,English,Personal,Lilit Harutyunyan,
22/04/2024,P4,Y9,3.29,Benjamin Araud,French,Personal,Julia Artamonova,
23/04/2024,P2,Y10,3.20K,Elena Kostyukhina,English,Personal,Audrey Oduor,
23/04/2024,P4,Y7,3.20K,Elena Kostyukhina,English,Personal,Audrey Oduor,
23/04/2024,P5,Y9,3.20K,Elena Kostyukhina,English,Personal,Sara Karimli,
23/04/2024,P6,Y7,3.20K,Elena Kostyukhina,English,Personal,Gary Matos,
24/04/2024,P2,Y7,3.20K,Elena Kostyukhina,English,Personal,Dr Mary Limna Dcunha,
24/04/2024,P3,Y8,3.20K,Elena Kostyukhina,English,Personal,Audrey Oduor,
24/04/2024,P5,Y10,3.20K,Elena Kostyukhina,English,Personal,Benjamin Araud,
24/04/2024,P6,Y9,3.20K,Elena Kostyukhina,English,Personal,Michael Saslawski,
25/04/2024,P2,Y7,3.20K,Elena Kostyukhina,English,Personal,Audrey Oduor,
25/04/2024,P3,Y10,3.20K,Elena Kostyukhina,English,Personal,Mostafa Louassini,
25/04/2024,P4,Y9,3.20K,Elena Kostyukhina,English,Personal,Sara Karimli,
25/04/2024,P5,Y8,3.20K,Elena Kostyukhina,English,Personal,Julia Artamonova,
25/04/2024,P6,Y12,3.14,Maria Metrokhina,Economics,Personal,Davud Hydryov,
26/04/2024,P1,Y10,Lib,Elena Kostyukhina,English,Personal,Michael Saslawski,
26/04/2024,P2,Y7,3.20K,Elena Kostyukhina,English,Personal,Aleksey Khodyka,
26/04/2024,P3,Y8,3.20K,Elena Kostyukhina,English,Personal,Lilit Harutyunyan,
26/04/2024,P6,Y9,3.20K,Elena Kostyukhina,English,Personal,Nina Mamina,
26/04/2024,P1,Y8,3.22K,Murat Sevencan,Maths,Personal,Emily Otieno,
26/04/2024,P2,Y11,3.22K,Murat Sevencan,Maths,Personal,Murat Kaya,
26/04/2024,P5,Y7,3.22K,Murat Sevencan,Maths,Personal,Davud Hydryov,
26/04/2024,P6,Y10,3.22K,Murat Sevencan,Maths,Personal,Benjamin Araud,
22/05/2024,P4,Y10,3.07,Julia Artamonova,Art,Personal,Sara Karimli,
22/05/2024,P5,Y9,3.07,Julia Artamonova,Art,Personal,Renata Orlandoni,
22/05/2024,P6,Y11,3.07,Julia Artamonova,Art,Personal,Murat Kaya,
23/05/2024,P1,Y9,3.07,Julia Artamonova,Art,Personal,Emily Otieno,
23/05/2024,P2,Y8,3.07,Julia Artamonova,Art,Personal,Davud Hydryov,
23/05/2024,P2,9B,3.15,Michael Saslawski,I&S,Personal,Audrey Oduor,
23/05/2024,P3,9K,3.15,Michael Saslawski,I&S,Personal,Domenico Galizia,
23/05/2024,P4,7R,3.15,Michael Saslawski,I&S,Personal,Renata Orlandoni,
23/05/2024,P5,7R,3.15,Michael Saslawski,I&S,Personal,Murat Sevencan,
24/05/2024,P1,Y9,2.14,Aytaj Hajizada,Spanish,Personal,Michael Saslawski,
24/05/2024,P2,Y8,3.19B,Aytaj Hajizada,Spanish,Personal,Davud Hydryov,
24/05/2024,P2,Y9,3.07,Julia Artamonova,Art,Personal,Sara Karimli,
24/05/2024,P4,Y9,3.07,Julia Artamonova,Art,Personal,Laura Ruiz,
24/05/2024,P6,Y8,3.07,Julia Artamonova,Art,Personal,Nina Mamina,
27/05/2024,P4,Y9,3.18,Fei Yang,Mandarin,Personal,Sara Karimli,
27/05/2024,P5,Y10,3.09,Emily Otieno,Psichology,Personal,Svetlana Kivelidi,
29/05/2024,P4,Y9,3.22K,Craig Campion,Maths,Personal,Kyriakos Tsafaras,
29/05/2024,P4,Y7,2.14,Anna Sayiin,Russian,Personal,Benjamin Araud,
29/05/2024,P5,Y8,2.14,Anna Sayiin,Russian,Personal,Salma Shindy Sherif,
29/05/2024,P6,Y10,2.12,Anna Sayiin,Russian,Personal,Lucas Marville,
31/05/2024,P1,Y10,3.20S,Dr Mary Limna Dcunha,English,Personal,Audrey Oduor,
03/06/2024,P5,Y10,3.09,Emily Otieno,Physics,Personal,Kyriakos Tsafaras,
03/06/2024,P1,7B,3.07,Peter Geiger,Art,Personal,Julia Artamonova,
03/06/2024,P5,7R,3.07,Peter Geiger,Art,Personal,Julia Artamonova,
03/06/2024,P6,10B,3.07,Peter Geiger,Art,Personal,Julia Artamonova,
04/06/2024,P1,10B,3.07,Peter Geiger,Art,Personal,Julia Artamonova,
04/06/2024,P1,Y9,2.13,Nina Mamina,Russian,Personal,Benjamin Araud,
04/06/2024,P4,Y9,2.13,Nina Mamina,Russian,Personal,Emily Otieno,
04/06/2024,P5,au,2.13,Nina Mamina,Russian,Personal,Audrey Oduor,
05/06/2024,P4,10B,3.07,Peter Geiger,Art,Personal,Julia Artamonova,
06/06/2024,P3,Y9,3.18,Peter Geiger,Art,Personal,Julia Artamonova,
06/06/2024,P5,Y7,3.07,Peter Geiger,Art,Personal,Julia Artamonova,
06/06/2024,P6,Y8,3.07,Peter Geiger,Art,Personal,Julia Artamonova,
07/06/2024,P3,Y7,3.07,Peter Geiger,Art,Personal,Julia Artamonova,
07/06/2024,P4,Y9,3.18,Peter Geiger,Art,Personal,Laura Ruiz,
07/06/2024,P5,Y8,3.07,Peter Geiger,Art,Personal,Julia Artamonova,
07/06/2024,P2,Y7,3.15,Michael Saslawski,I&S,Personal,Davud Hydryov,
07/06/2024,P3,Y7,3.15,Michael Saslawski,I&S,Personal,Murat Sevencan,
07/06/2024,P5,Y8,3.15,Michael Saslawski,I&S,Personal,Sergey Alferov,
07/06/2024,P6,Y7,3.15,Michael Saslawski,I&S,Personal,Dr Mary Limna Dcunha,
10/06/2024,P1,7B,3.07,Peter Geiger,Art,Personal,Julia Artamonova,
10/06/2024,P5,7R,3.07,Peter Geiger,Art,Personal,Julia Artamonova,
10/06/2024,P6,10B,3.07,Peter Geiger,Art,Personal,Julia Artamonova,
11/06/2024,P1,10B,3.07,Peter Geiger,Art,Personal,Julia Artamonova,
11/06/2024,P1,Y9,2.13,Nina Mamina,Russian,Personal,Benjamin Araud,
11/06/2024,P4,Y9,2.13,Nina Mamina,Russian,Personal,Sergey Alferov,
11/06/2024,P5,Y10,2.13,Nina Mamina,Russian,Personal,Varvara Romashova,
11/06/2024,P2,9K,3.11,Salma Shindy Sherif,Science,Personal,Emily Otieno,
11/06/2024,P3,8B,3.11,Salma Shindy Sherif,Science,Personal,Dr Mary Limna Dcunha,
11/06/2024,P4,Y10,3.11,Salma Shindy Sherif,Science,Personal,Audrey Oduor,
11/06/2024,P6,8R,3.09,Salma Shindy Sherif,Science,Personal,Sara Karimli,
13/06/2024,P3,Y9,3.18,Peter Geiger,Art,Personal,Julia Artamonova,
13/06/2024,P5,Y7,3.07,Peter Geiger,Art,Personal,Julia Artamonova,
13/06/2024,P6,Y8,3.07,Peter Geiger,Art,Personal,Julia Artamonova,
14/06/2024,P3,Y7,3.07,Peter Geiger,Art,Personal,Julia Artamonova,
14/06/2024,P4,Y9,3.18,Peter Geiger,Art,Personal,Laura Ruiz,
14/06/2024,P5,Y8,3.07,Peter Geiger,Art,Personal,Julia Artamonova,
14/06/2024,P5,Y9,2.14,Anna Sayiin,Russian,Personal,Emily Otieno,
17/06/2024,P6,Y9,3.19,Lilit Harutyunyan,English,Personal,Sergey Alferov,
25/06/2024,P1,Y9,2.14,Anna Sayiin,Russian,Personal,Nina Mamina,
25/06/2024,P4,Y10,2.14,Anna Sayiin,Russian,Personal,Murat Sevencan,
25/06/2024,P6,Y9,2.14,Anna Sayiin,Russian,Personal,Davud Hydryov,
25/06/2024,P2,Y7,3.15,Michael Saslawski,English,Personal,Daniel Kekere,
25/06/2024,P3,Y7,3.15,Michael Saslawski,I&S,Personal,Thomas Jones-Parry,
25/06/2024,P4,Y8,3.15,Michael Saslawski,I&S,Personal,Sergey Alferov,
25/06/2024,P6,Y9,3.15,Michael Saslawski,I&S,Personal,Sara Karimli,