Date,Period,Class,Room,Teacher Asking Cover,Subject,Reason,Teacher Giving Cover,Email
28/08/2023,P2,Y7,3.18,Fei Yang,Mandarin,Personal,Benjamin Araud,
28/08/2023,P3,Y10,3.18,Fei Yang,Mandarin,Personal,Anna Sayiin,
29/08/2023,P1,Y9,3.18,Fei Yang,Mandarin,Personal,Gary Matos,
29/08/2023,P2,Y10,3.18,Fei Yang,Mandarin,Personal,Michael Saslawski,
29/08/2023,P3,Y12,3.18,Fei Yang,Mandarin,Personal,Daniel Kekere,
29/08/2023,P4,Y12,3.18,Fei Yang,Mandarin,Personal,Murat Sevencan,
29/08/2023,P5,Y13,3.18,Fei Yang,Mandarin,Personal,Mostafa Louassini,
29/08/2023,P6,Y13,3.18,Fei Yang,Mandarin,Personal,Dr Mary Limna Dcunha,
30/08/2023,P4,Y12,3.18,Fei Yang,Mandarin,Personal,Domenico Galizia,
30/08/2023,P5,Y9,3.18,Fei Yang,Mandarin,Personal,Davud Hydryov,
31/08/2023,P3,Y11,3.18,Fei Yang,Mandarin,Personal,Murat Sevencan,
31/08/2023,P4,Y7,3.18,Fei Yang,Mandarin,Personal,Benjamin Araud,
31/08/2023,P5,Y8,3.18,Fei Yang,Mandarin,Personal,Thomas Jones-Parry,
31/08/2023,P6,Y13,3.18,Fei Yang,Mandarin,Personal,Murat Kaya,
01/09/2023,P1,Y12,3.18,Fei Yang,Mandarin,Personal,Julia Artamonova,
01/09/2023,P3,Y13,3.18,Fei Yang,Mandarin,Personal,Emily Otieno,
01/09/2023,P4,Y11,3.18,Fei Yang,Mandarin,Personal,Salma Shindy Sherif,
01/09/2023,P5,Y8,3.18,Fei Yang,Mandarin,Personal,Sergey Alferov,
04/09/2023,P2,Y7,3.18,Fei Yang,Mandarin,Service,Benjamin Araud,
04/09/2023,P3,Y10,3.18,Fei Yang,Mandarin,Service,Anna Sayiin,
05/09/2023,P1,Y9,3.18,Fei Yang,Mandarin,Service,Murat Sevencan,
05/09/2023,P2,Y10,3.18,Fei Yang,Mandarin,Service,Michael Saslawski,
05/09/2023,P3,Y12,3.18,Fei Yang,Mandarin,Service,Daniel Kekere,
05/09/2023,P4,Y12,3.18,Fei Yang,Mandarin,Service,Peter Geiger,
05/09/2023,P5,Y13,3.18,Fei Yang,Mandarin,Service,Mostafa Louassini,
05/09/2023,P6,Y13,3.18,Fei Yang,Mandarin,Service,Dr Mary Limna Dcunha,
06/09/2023,P4,Y12,3.18,Fei Yang,Mandarin,Service,Murat Kaya,
06/09/2023,P5,Y9,3.18,Fei Yang,Mandarin,Service,Davud Hydryov,
07/09/2023,P3,Y11,3.18,Fei Yang,Mandarin,Personal,Murat Sevencan,
07/09/2023,P4,Y7,3.18,Fei Yang,Mandarin,Personal,Benjamin Araud,
07/09/2023,P5,Y8,3.18,Fei Yang,Mandarin,Personal,Thomas Jones-Parry,
07/09/2023,P6,Y13,3.18,Fei Yang,Mandarin,Personal,Murat Kaya,
08/09/2023,P3,10B,3.15,Thomas Jones-Parry,I&S,Service,Emily Otieno,https://mail.google.com/mail/u/0/#inbox/FMfcgzGtwzlvGgSSjmtsZzvJjZjWGMJK
14/09/2023,P3,8R,3.18,Thomas Jones-Parry,I&S,Personal,Anna Sayiin,
14/09/2023,P6,10B,3.15,Thomas Jones-Parry,I&S,Personal,Emily Otieno,
18/09/2023,P3,9R,3.19R,Thomas Jones-Parry,I&S,Service,Anna Sayiin,https://mail.google.com/mail/u/0/#label/COVERS/FMfcgzGtxKPHKmNxdNRBDWxwCJhkLLbX
18/09/2023,P4,10B,3.15,Thomas Jones-Parry,I&S,Service,Gary Matos,
19/09/2023,P6,Y11,3.11,Murat Kaya,Chemistry,Service,Aaron Rodriguez,https://mail.google.com/mail/u/0/#inbox/FMfcgzGtxKPHmlvklShgqWQQXlLCRWxC
19/09/2023,P5,Y13,3.18,Fei Yang,Mandarin,Service,Domenico Galizia,https://mail.google.com/mail/u/0/#inbox/FMfcgzGtxKPHmnFlSLqlpLXgMWqhXDGc
19/09/2023,P6,Y13,3.18,Fei Yang,Mandarin,Service,Sergey Alferov,
19/09/2023,P1,Y12,3.19R,Lilit Harutyunyan,English,Personal,Elena Kostyukhina,https://mail.google.com/mail/u/0/#inbox/FMfcgzGtxKPHwDwmzNnnqLkbnvlmXqrM
19/09/2023,P2,Y12,3.19R,Lilit Harutyunyan,English,Personal,Michael Saslawski,
19/09/2023,P3,11R,3.20K,Lilit Harutyunyan,English,Personal,Audrey Oduor,
19/09/2023,P2,Y13,3.07,Julia Artamonova,Art,Personal,Sara Karimli,https://mail.google.com/mail/u/0/#inbox/FMfcgzGtxKQQMDnQGpRbbTqqGPPJgvjx
19/09/2023,P3,Y13,3.07,Julia Artamonova,Art,Personal,Peter Geiger,
19/09/2023,P4,Y10,3.07,Julia Artamonova,Art,Personal,Renata Orlandoni,
19/09/2023,P6,8B,3.07,Julia Artamonova,Art,Personal,Gary Matos,
19/09/2023,P6,Y11,3.09,Mostafa Louassini,Biology,Service,Patrick Kimuli,https://mail.google.com/mail/u/0/#inbox/FMfcgzGtxKQQMLcDmBZzDVtCtfpxZpMT
26/09/2023,P5,Y8,3.22S,Murat Sevencan,Maths,Personal,Domenico Galizia,
26/09/2023,P6,Y10,3.22S,Murat Sevencan,Maths,Personal,Patrick Kimuli,
27/09/2023,P2,Y9,3.21B,Davud Hydryov,Maths,Personal,Kostas Mathioudakis,https://mail.google.com/mail/u/0/#inbox/FMfcgzGtxSpBmjFWLVSsbgZwtFmQWSnG
27/09/2023,P3,Y13,3.21B,Davud Hydryov,Maths,Personal,Murat Sevencan,
27/09/2023,P4,Y13,3.21B,Davud Hydryov,Maths,Personal,Murat Kaya,
27/09/2023,P5,Y12,3.20S,Davud Hydryov,Economics,Personal,Daniel Kekere,
27/09/2023,P6,Y12,3.20S,Davud Hydryov,Economics,Personal,Kyriakos Tsafaras,
28/09/2023,P2,Y9,3.21B,Davud Hydryov,Maths,Personal,Julia Artamonova,
28/09/2023,P3,Y13,3.21B,Davud Hydryov,Maths,Personal,Mostafa Louassini,
28/09/2023,P4,Y13,3.21B,Davud Hydryov,Maths,Personal,Patrick Kimuli,
28/09/2023,P5,Y12,3.20S,Davud Hydryov,Maths,Personal,Emily Otieno,
28/09/2023,P6,Y12,3.20S,Davud Hydryov,Maths,Personal,Sara Karimli,
29/09/2023,P1,Y13,3.14,Davud Hydryov,Economics,Personal,Daniel Kekere,
29/09/2023,P2,Y9,3.21B,Davud Hydryov,Maths,Personal,Audrey Oduor,
29/09/2023,P5,Y12,3.20S,Davud Hydryov,Maths,Personal,Salma Shindy Sherif,
29/09/2023,P6,Y12,3.20S,Davud Hydryov,Maths,Personal,Dr Mary Limna Dcunha,
02/10/2023,P1,Y12,2.01,Renata Orlandoni,Music,Personal,Sara Karimli,
02/10/2023,P5,Y10,2.01,Renata Orlandoni,Music,Personal,Peter Geiger,
02/10/2023,P6,Y8,2.01,Renata Orlandoni,Music,Personal,Gary Matos,
03/10/2023,P1,Y13,3.22K,Kostas Mathioudakis,Maths,Personal,Emily Otieno,https://mail.google.com/mail/u/0/#inbox/FMfcgzGtxSxDgKXTShfGJfmJSFmzZlzg
03/10/2023,P2,Y11,3.22K,Kostas Mathioudakis,Maths,Personal,Daniel Kekere,
03/10/2023,P5,Y12,3.31,Kostas Mathioudakis,Maths,Personal,Sergey Alferov,
03/10/2023,P3,9R,3.20S,Elena Kostyukhina,English,Personal,Audrey Oduor,https://mail.google.com/mail/u/0/#inbox/FMfcgzGtxSxDgKXTRblmHXZhVLrWWChT
03/10/2023,P4,8B,3.20S,Elena Kostyukhina,English,Personal,Dr Mary Limna Dcunha,
03/10/2023,P5,10R,3.20S,Elena Kostyukhina,English,Personal,Lilit Harutyunyan,
03/10/2023,P6,8R,3.20S,Elena Kostyukhina,English,Personal,Svetlana Kivelidi,
04/10/2023,P3,Y10,3.07,Julia Artamonova,Art,Service,Fei Yang,https://mail.google.com/mail/u/0/#inbox/FMfcgzGtxSrSXCLQvvvJDZdqTWbDbfDq
04/10/2023,P4,Y12,3.07,Julia Artamonova,Art,Service,Murat Kaya,
04/10/2023,P5,Y12,3.07,Julia Artamonova,Art,Service,Audrey Oduor,
04/10/2023,P4,Y12,2.12,Lucas Marville,French,Service,Patrick Kimuli,
04/10/2023,P5,Y9,2.12,Lucas Marville,French,Service,Aaron Rodriguez,
04/10/2023,P2,Y11,2.01,Renata Orlandoni,Music,Service,Aytaj Hajizada,
04/10/2023,P3,Y10,2.01,Renata Orlandoni,Music,Service,Laura Ruiz,
04/10/2023,P4,Y11,2.01,Renata Orlandoni,Music,Service,Sara Karimli,
04/10/2023,P5,Y8,2.01,Renata Orlandoni,Music,Service,Nina Mamina,
05/10/2023,P2,Y12,3.34,David Haire,Design,Service,Aytaj Hajizada,https://mail.google.com/mail/u/0/#inbox/FMfcgzGtxSqKxdpbCKJdKkgKZfsFllCP
05/10/2023,P2,Y8,2.14,Svetlana Kivelidi,English,Service,Varvara Romashova,
05/10/2023,P2,Y13,2.12,Audrey Oduor,TOK,Service,Fei Yang,
05/10/2023,P4,11B,3.19R,Audrey Oduor,English,Service,Murat Sevencan,
05/10/2023,P5,Y13,3.19B,Audrey Oduor,English,Service,Elena Kostyukhina,
05/10/2023,P6,Y11,3.19B,Audrey Oduor,EAL,Service,Kostas Mathioudakis,
05/10/2023,P2,7R,3.16,Michael Saslawski,I&S,Service,Patrick Kimuli,https://mail.google.com/mail/u/0/#inbox/FMfcgzGtxSvtdncMTstQZLlRbKrTGsfh
05/10/2023,P3,10R,3.16,Michael Saslawski,I&S,Service,Mostafa Louassini,
05/10/2023,P4,8B,3.16,Michael Saslawski,I&S,Service,Dr Mary Limna Dcunha,
05/10/2023,P6,7R,3.20S,Michael Saslawski,English,Service,Kyriakos Tsafaras,
05/10/2023,P1,Y12,3.31,Daniel Kekere,Maths,Service,Benjamin Araud,https://mail.google.com/mail/u/0/#inbox/FMfcgzGtxSvtwVKbqlRCmDssLJhXHlKm
05/10/2023,P3,Y13,3.22S,Daniel Kekere,Maths,Service,Nina Mamina,
05/10/2023,P4,Y13,3.22S,Daniel Kekere,Maths,Service,Thomas Jones-Parry,
05/10/2023,P6,Y8,3.22B ,Daniel Kekere,Maths,Service,Emily Otieno,
05/10/2023,P3,Y12,3.07,Julia Artamonova,Art,Personal,Sara Karimli,https://mail.google.com/mail/u/0/#inbox/FMfcgzGtxSzNBTsmtWfsqdZTgQgJrgzj
05/10/2023,P4,Y12,3.07,Julia Artamonova,Art,Personal,Renata Orlandoni,
06/10/2023,P2,Y13,3.34,David Haire,Design,Service,Emily Otieno,https://mail.google.com/mail/u/0/#inbox/FMfcgzGtxSvtmvVxQtKgcJQJXGFbNlzn
06/10/2023,P5,Y12,3.22S,Kostas Mathioudakis,Maths,Service,Sergey Alferov,https://mail.google.com/mail/u/0/#label/COVERS/FMfcgzGtxSxFJLPjnHFsLfkDnBFSGxWL
06/10/2023,P3,Y8,3.07,Julia Artamonova,Art,Personal,Emily Otieno,https://mail.google.com/mail/u/0/#inbox/FMfcgzGtxSzNBTsmtWfsqdZTgQgJrgzj
06/10/2023,P4,Y9,3.07,Julia Artamonova,Art,Personal,Michael Saslawski,
06/10/2023,P6,Y13,3.07,Julia Artamonova,Art,Personal,Gary Matos,
06/10/2023,P1,Y9,3.15,Thomas Jones-Parry,I&S,Service,Sara Karimli,
06/10/2023,P2,Y11,3.15,Thomas Jones-Parry,I&S,Service,Audrey Oduor,
06/10/2023,P3,Y9,2.03,Sara Karimli,Art,Personal,Renata Orlandoni,https://mail.google.com/mail/u/0/#label/COVERS/FMfcgzGtxdSVZVZCrVMBPpTHWRssTWph
09/10/2023,P3,Y10,3.29,Benjamin Araud,French,Personal,Lucas Marville,https://mail.google.com/mail/u/0/#label/COVERS/FMfcgzGtxdSVZVZCrVMBPpTHWRssTWph
10/10/2023,P1,Y13,3.22K,Daniel Kekere,Maths,Personal,Murat Sevencan,
10/10/2023,P5,Y8,3.22K,Daniel Kekere,Maths,Personal,Emily Otieno,
10/10/2023,P6,Y9,3.22K,Daniel Kekere,Maths,Personal,Kostas Mathioudakis,
11/10/2023,P4,Y10,3.21R,Kyriakos Tsafaras,Maths,Service,Mostafa Louassini,
11/10/2023,P6,7R,3.21R,Kyriakos Tsafaras,Maths,Service,Fei Yang,
11/10/2023,P4,Y9,3.20S,Craig Campion,Maths,Service,Murat Kaya,
11/10/2023,P5,Y9,2.13,Benjamin Araud,French,Service,Nina Mamina,
11/10/2023,P3,Y8,3.22S,Daniel Kekere,Maths,Personal,Lucas Marville,
11/10/2023,P4,Y9,3.22S,Daniel Kekere,Maths,Personal,Elena Kostyukhina,
11/10/2023,P6,Y10,3.20S,Gary Matos,Media,Service,Aytaj Hajizada,
11/10/2023,P4,Y10,3.14,Emily Otieno,Maths,Personal,Patrick Kimuli,
11/10/2023,P6,Y10,3.14,Emily Otieno,Physics,Personal,Michael Saslawski,
12/10/2023,P1,Y12,3.31,Daniel Kekere,Maths,Personal,Benjamin Araud,
12/10/2023,P2,Y9,3.19B,Daniel Kekere,Maths,Personal,Julia Artamonova,
12/10/2023,P3,Y13,3.22S,Daniel Kekere,Maths,Personal,Nina Mamina,
12/10/2023,P4,Y13,3.22S,Daniel Kekere,Maths,Personal,Murat Sevencan,
12/10/2023,P6,Y8,3.22K,Daniel Kekere,Maths,Personal,Kyriakos Tsafaras,
12/10/2023,P1,Y10,3.14,Emily Otieno,Physics,Personal,Fei Yang,
12/10/2023,P2,Y10,3.22K,Emily Otieno,Maths,Personal,Laura Ruiz,
12/10/2023,P3,Y12,3.14,Emily Otieno,Physics,Personal,Murat Kaya,
12/10/2023,P4,Y12,3.14,Emily Otieno,Physics,Personal,Patrick Kimuli,
12/10/2023,P6,Y11,3.11,Emily Otieno,Physics,Personal,Kostas Mathioudakis,
12/10/2023,P3,Y9,2.02,Sara Karimli,Drama,Service,Peter Geiger,
13/10/2023,P1,Y11,3.11,Salma Shindy Sherif,Chemistry,Personal,Julia Artamonova,https://mail.google.com/mail/u/0/#inbox/FMfcgzGtxdWxlVjdZKNQWWDFXTDfqchL
13/10/2023,P3,Y11,3.19R,Audrey Oduor,EAL,Service,Salma Shindy Sherif,
13/10/2023,P4,Y13,3.19R,Audrey Oduor,English,Service,Davud Hydryov,
13/10/2023,P6,11B,3.19R,Audrey Oduor,English,Service,Lilit Harutyunyan,
13/10/2023,P1,9R,3.15,Thomas Jones-Parry,I&S,Service,Lilit Harutyunyan,
13/10/2023,P2,11B,3.15,Thomas Jones-Parry,I&S,Service,Domenico Galizia,
13/10/2023,P3,10B,3.15,Thomas Jones-Parry,I&S,Service,Dr Mary Limna Dcunha,
13/10/2023,P1,Y11,3.11,Emily Otieno,Physics,Personal,Svetlana Kivelidi,
13/10/2023,P2,Y10,3.22K,Emily Otieno,Physics,Personal,Fei Yang,
13/10/2023,P4,Y10,3.22K,Emily Otieno,Maths,Personal,Sergey Alferov,
13/10/2023,P5,Y10,3.11,Emily Otieno,Physics,Personal,Varvara Romashova,
13/10/2023,P6,Y13,3.14,Emily Otieno,Physics,Personal,Mostafa Louassini,
13/10/2023,P2,Y9,3.22S,Daniel Kekere,Maths,Personal,Brendan Henderson,
13/10/2023,P3,Y12,3.14,Daniel Kekere,Maths,Personal,Davud Hydryov,
13/10/2023,P4,Y12,3.14,Daniel Kekere,Maths,Personal,Michael Saslawski,
13/10/2023,P5,Y13,3.14,Daniel Kekere,Maths,Personal,Nina Mamina,
13/10/2023,P6,Y8,3.21B,Daniel Kekere,Maths,Personal,David Haire,
16/10/2023,P3,Y10,3.17,Laura Ruiz,Spanish,Service,Kostas Mathioudakis,https://mail.google.com/mail/u/0/#inbox/FMfcgzGtxdSWCcvNHSgtDCxmRqGkTvKk
16/10/2023,P3,Y10,3.17,Aytaj Hajizada,Spanish,Service,Kostas Mathioudakis,
16/10/2023,P6,Y9,3.22S,Craig Campion,Maths,Service,Lilit Harutyunyan,
16/10/2023,P4,Y11,3.21R,Kyriakos Tsafaras,Maths,Service,Renata Orlandoni,
16/10/2023,P5,Y12,3.21R,Kyriakos Tsafaras,Maths,Service,Nina Mamina,
18/10/2023,P2,8B,3.15,Michael Saslawski,I&S,Personal,Mostafa Louassini,https://mail.google.com/mail/u/0/#inbox/FMfcgzGwHLfLgtZMbFRFZXhdhCtpbMhM
18/10/2023,P3,7B,3.16,Michael Saslawski,I&S,Personal,Patrick Kimuli,
18/10/2023,P4,7R,3.16,Michael Saslawski,I&S,Personal,Sara Karimli,
18/10/2023,P5,7R,3.20S,Michael Saslawski,English,Personal,Aaron Rodriguez,
20/10/2023,P5,Y11,3.15,Thomas Jones-Parry,I&S,Service,Domenico Galizia,https://mail.google.com/mail/u/0/#inbox/FMfcgzGwHLgVnwJvKlXZMMxnKPGxcRhL
07/11/2023,P2,Y11,3.22s,Murat Sevencan,Maths,Personal,Daniel Kekere,https://mail.google.com/mail/u/0/#label/COVERS/FMfcgzGwHLhfznTvVndRnZbQNbNRlCpn
07/11/2023,P4,Y7,3.22s,Murat Sevencan,Maths,Personal,Emily Otieno,
07/11/2023,P5,Y8,3.22s,Murat Sevencan,Maths,Personal,Murat Kaya,
07/11/2023,P6,Y10,3.22s,Murat Sevencan,Maths,Personal,Renata Orlandoni,
07/11/2023,P6,Y9,3.19R,Craig Campion,Maths,Service,Patrick Kimuli,https://mail.google.com/mail/u/0/#label/COVERS/FMfcgzGwHLhfqWdnZRmDBxchnWsvNKMQ
07/11/2023,P5,Y10,2.01,Renata Orlandoni,Music,Personal,Emily Otieno,
07/11/2023,P1,7R,3.20S,Michael Saslawski,English,Personal,Gary Matos,
07/11/2023,P3,10R,3.16,Michael Saslawski,I&S,Personal,Daniel Kekere,
07/11/2023,P5,9K,3.16,Michael Saslawski,I&S,Personal,Domenico Galizia,
07/11/2023,P6,7B,3.15,Michael Saslawski,I&S,Personal,Dr Mary Limna Dcunha,
08/11/2023,P5,Y12,3.14,Emily Otieno,Physics,Personal,Aaron Rodriguez,
08/11/2023,P6,Y10,3.14,Emily Otieno,Physics,Personal,Davud Hydryov,
08/11/2023,P3,11R,3.20S,Lilit Harutyunyan,English,Service,Laura Ruiz,https://mail.google.com/mail/u/0/#inbox/FMfcgzGwHVVFhQPcRqhGZphxpMBNPsNx
09/11/2023,P1,Y10,3.14,Emily Otieno,Physics,Personal,Aytaj Hajizada,
09/11/2023,P3,Y12,3.14,Emily Otieno,Physics,Personal,Murat Kaya,
09/11/2023,P4,Y12,3.14,Emily Otieno,Physics,Personal,Mostafa Louassini,
09/11/2023,P6,Y11,3.11,Emily Otieno,Physics,Personal,Kostas Mathioudakis,
10/11/2023,P1,Y11,3.11,Emily Otieno,Physics,Personal,Julia Artamonova,
10/11/2023,P2,Y10,3.22K,Emily Otieno,Physics,Personal,Lucas Marville,
10/11/2023,P5,Y10,3.11,Emily Otieno,Physics,Personal,Murat Sevencan,
10/11/2023,P1,Y11,2.03,Sara Karimli,Drama,Personal,Julia Artamonova,
13/11/2023,P1,Y11,3.22K,Emily Otieno,Maths,Personal,Murat Kaya,
13/11/2023,P3,,3.14,Emily Otieno,Physics,Personal,Renata Orlandoni,
13/11/2023,P1,8B,3.10,Salma Shindy Sherif,Science,Personal,Laura Ruiz,
13/11/2023,P5,9B,,Salma Shindy Sherif,Science,Personal,Benjamin Araud,
13/11/2023,P6,8R,3.10,Salma Shindy Sherif,Science,Personal,Aaron Rodriguez,
13/11/2023,P1,7B,3.17,Michael Saslawski,I&S,Personal,Aytaj Hajizada,https://mail.google.com/mail/u/0/#inbox/FMfcgzGwHfpMcwCfqFPJLKrQJkHCCjvd
13/11/2023,P3,9B,3.15,Michael Saslawski,I&S,Personal,Anna Sayiin,
13/11/2023,P4,9K,3.16,Michael Saslawski,I&S,Personal,Dr Mary Limna Dcunha,
13/11/2023,P5,7R,3.19B,Michael Saslawski,English,Personal,Daniel Kekere,
13/11/2023,P6,10R,3.16,Michael Saslawski,I&S,Personal,Mostafa Louassini,
14/11/2023,P5,7B,3.34,David Haire,Design,Service,Domenico Galizia,
16/11/2023,P4,Y11,3.19R,Audrey Oduor,English,Service,Murat Kaya,https://mail.google.com/mail/u/0/#inbox/FMfcgzGwHfklMrpChDDhPtnfBDjklJfn
16/11/2023,P5,11B,3.40,Audrey Oduor,EAL,Service,Elena Kostyukhina,
16/11/2023,P5,Y11,3.22K,Kostas Mathioudakis,Maths,Service,Svetlana Kivelidi,
16/11/2023,P3,9B,2.03,Sara Karimli,Drama,Service,Nina Mamina,https://mail.google.com/mail/u/0/#inbox/KtbxLzFzXTbFwVMMtqHNXKvgmzDrvpNbRg
16/11/2023,P4,9R,2.03,Sara Karimli,Drama,Service,Murat Sevencan,
17/11/2023,P1,Y7,3.22S,Murat Sevencan,Maths,Personal,Emily Otieno,https://mail.google.com/mail/u/0/#inbox/FMfcgzGwHftxhKGVglhcgNPVWLrjTXWT
17/11/2023,P4,Y10,3.22S,Murat Sevencan,Maths,Personal,Sergey Alferov,
17/11/2023,P6,Y8,3.22K,Murat Sevencan,Maths,Personal,Laura Ruiz,
20/11/2023,P1,Y11,2.01,Renata Orlandoni,Music,Personal,Laura Ruiz,
20/11/2023,P5,Y10,2.01,Renata Orlandoni,Music,Personal,Peter Geiger,
20/11/2023,P6,8B,2.01,Renata Orlandoni,Music,Personal,Gary Matos,
22/11/2023,P2,Y11,2.01,Renata Orlandoni,Music,Service,Aytaj Hajizada,https://mail.google.com/mail/u/0/#starred/FMfcgzGwHfwGmpnkrZMFGPLmCgktRsNq
22/11/2023,P4,Y11,2.01,Renata Orlandoni,Music,Service,Svetlana Kivelidi,
22/11/2023,P5,8R,2.01,Renata Orlandoni,Music,Service,Salma Shindy Sherif,
22/11/2023,P5,7B,2.03,Sara Karimli,Drama,Service,Aaron Rodriguez,
22/11/2023,P6,Y10,2.03,Sara Karimli,Drama,Service,Kostas Mathioudakis,
22/11/2023,P4,8R,3.15,Thomas Jones-Parry,I&S,Service,Mostafa Louassini,https://mail.google.com/mail/u/0/#inbox/FMfcgzGwHpPFqXLfnbLLPCgQDjfqKtMS
23/11/2023,P3,9B,2.03,Sara Karimli,Drama,Service,Nina Mamina,
23/11/2023,P4,9R,2.03,Sara Karimli,Drama,Service,Renata Orlandoni,
28/11/2023,P1,8R,3.34,David Haire,Design,Service,Elena Kostyukhina,
28/11/2023,P2,9B,3.34,David Haire,Design,Service,Michael Saslawski,
28/11/2023,P6,Y7,2.03,Sara Karimli,Drama,Service,Gary Matos,https://mail.google.com/mail/u/0/#inbox/FMfcgzGwHpWBrtKTSDmVvrhGGwkGnJfr
28/11/2023,P1,10R,3.10,Murat Kaya,Chemistry,Personal,Murat Sevencan,https://mail.google.com/mail/u/0/#inbox/FMfcgzGwHpXKlLdGshQrBmTwhNwLtChN
28/11/2023,P2,Y13,3.10,Murat Kaya,Chemistry,Personal,Renata Orlandoni,
28/11/2023,P3,Y13,3.10,Murat Kaya,Chemistry,Personal,Kostas Mathioudakis,
28/11/2023,P6,Y13,3.10,Murat Kaya,Chemistry,Personal,Patrick Kimuli,
28/11/2023,P2,8B,3.14,Salma Shindy Sherif,Chemistry,Personal,Mostafa Louassini,
28/11/2023,P3,9B,3.14,Salma Shindy Sherif,Chemistry,Personal,Thomas Jones-Parry,
28/11/2023,P4,Y11,3.10,Salma Shindy Sherif,Chemistry,Personal,Audrey Oduor,
28/11/2023,P5,9R,3.10,Salma Shindy Sherif,Chemistry,Personal,Sergey Alferov,
28/11/2023,P6,Y11,3.10,Salma Shindy Sherif,Chemistry,Personal,Svetlana Kivelidi,
29/11/2023,P5,7B,2.03,Sara Karimli,Drama,Service,Aaron Rodriguez,https://mail.google.com/mail/u/0/#inbox/FMfcgzGwHpXJpNZnkXrfvLfMqvkLvCxG
29/11/2023,P6,Y10,2.03,Sara Karimli,Drama,Service,Benjamin Araud,
29/11/2023,P6,Y10,3.20S,Gary Matos,Media,Service,Laura Ruiz,FMfcgzGwHpXLDpvlfSLpbjgQZJwwJdNz
30/11/2023,P5,Y13,3.31,Gary Matos,English,Service,Emily Otieno,https://mail.google.com/mail/u/0/#starred/FMfcgzGwHpbcChQSfdXwScfQRMRMgljs
30/11/2023,P6,Y11,3.16,Gary Matos,Media,Service,Dr Mary Limna Dcunha,
30/11/2023,P4,9R,2.03,Sara Karimli,Drama,Service,Peter Geiger,
30/11/2023,P6,Y11,2.03,Sara Karimli,Drama,Service,Lilit Harutyunyan,
30/11/2023,P2,Y8,3.07,Peter Geiger,Art,Service,Lucas Marville,https://mail.google.com/mail/u/0/#starred/FMfcgzGwHpbcChQKfLkdPhfJTvfMKQCQ
30/11/2023,P1,Y9,2.01,Renata Orlandoni,Music,Personal,Sergey Alferov,
30/11/2023,P3,Y9,2.01,Renata Orlandoni,Music,Personal,Anna Sayiin,
01/12/2023,P1,Y9,2.01,Renata Orlandoni,Music,Personal,Julia Artamonova,
01/12/2023,P4,7R,2.01,Renata Orlandoni,Music,Personal,Davud Hydryov,
01/12/2023,P6,7B,2.01,Renata Orlandoni,Music,Personal,Peter Geiger,
01/12/2023,P2,Y10,3.10,Patrick Kimuli,Science,Personal,Kyriakos Tsafaras,
01/12/2023,P6,7R,3.09,Patrick Kimuli,Science,Personal,Elena Kostyukhina,
01/12/2023,P1,9K,3.09,Mostafa Louassini,Biology,Service,Murat Kaya,https://mail.google.com/mail/u/0/#inbox/FMfcgzGwHxqJCDrwJMKKTWKFJNrWLrXv
01/12/2023,P5,Y10,2.03,Sara Karimli,Drama,Service,Domenico Galizia,https://mail.google.com/mail/u/0/#inbox/FMfcgzGwHxqJBzTwgBJvwJcwdKBFCCpm
04/12/2023,P1,Y10,3.09,Patrick Kimuli,Biology,Service,Laura Ruiz,https://mail.google.com/mail/u/0/#label/Brendan+Henderson/FMfcgzGwHxqJfKHBtnDnXHqCspdTQfMN
04/12/2023,P3,Y13,3.11,Patrick Kimuli,ESS,Service,Craig Campion,
04/12/2023,P4,Y13,3.11,Patrick Kimuli,ESS,Service,Craig Campion,
04/12/2023,P6,7B,3.09,Patrick Kimuli,Science,Service,Kostas Mathioudakis,
04/12/2023,P2,Y7,3.18,Fei Yang,Mandarin,Personal,Michael Saslawski,
04/12/2023,P3,Y10,3.18,Fei Yang,Mandarin,Personal,Sara Karimli,
04/12/2023,P3,Y10,3.29,Benjamin Araud,French,Personal,Renata Orlandoni,
05/12/2023,P1,Y10,3.10,Patrick Kimuli,Science,Service,Elena Kostyukhina,
05/12/2023,P2,7B,3.09,Patrick Kimuli,Science,Service,Michael Saslawski,
05/12/2023,P3,7R,3.09,Patrick Kimuli,Science,Service,Davud Hydryov,
05/12/2023,P5,Y8,3.22K,Daniel Kekere,Maths,Personal,Domenico Galizia,
05/12/2023,P6,Y9,3.22K,Daniel Kekere,Maths,Personal,Aaron Rodriguez,
06/12/2023,P2,Y11,3.09,Patrick Kimuli,Biology,Service,Aytaj Hajizada,
06/12/2023,P4,Y11,3.09,Patrick Kimuli,Biology,Service,Kostas Mathioudakis,
06/12/2023,P5,Y13,3.16,Patrick Kimuli,ESS,Service,Craig Campion,
06/12/2023,P6,Y12,3.16,Patrick Kimuli,ESS,Service,Craig Campion,
06/12/2023,P2,10R,3.20S,Elena Kostyukhina,English,Personal,Lilit Harutyunyan,
06/12/2023,P3,9R,3.19B,Elena Kostyukhina,English,Personal,Aytaj Hajizada,
06/12/2023,P5,8B,3.20K,Elena Kostyukhina,English,Personal,Svetlana Kivelidi,
06/12/2023,P6,8R,3.19R,Elena Kostyukhina,English,Personal,Lucas Marville,
06/12/2023,P2,Y11,3.07,Julia Artamonova,Art,Personal,Peter Geiger,
06/12/2023,P3,Y10,3.07,Julia Artamonova,Art,Personal,Emily Otieno,
06/12/2023,P4,Y11,3.07,Julia Artamonova,Art,Personal,Sara Karimli,
06/12/2023,P6,9B,3.07,Julia Artamonova,Art,Personal,Davud Hydryov,
07/12/2023,P1,Y12,3.11,Patrick Kimuli,Science,Service,Fei Yang,
07/12/2023,P3,7R,3.10,Patrick Kimuli,Science,Service,Murat Sevencan,
07/12/2023,P5,Y10,3.14,Patrick Kimuli,Science,Service,Sara Karimli,
07/12/2023,P6,7B,3.10,Patrick Kimuli,Science,Service,Dr Mary Limna Dcunha,
07/12/2023,P1,9R,3.19B,Elena Kostyukhina,English,Personal,Benjamin Araud,
07/12/2023,P3,8B,3.20K,Elena Kostyukhina,English,Personal,Nina Mamina,
07/12/2023,P4,8R,3.19R,Elena Kostyukhina,English,Personal,Mostafa Louassini,
07/12/2023,P6,10R,3.20S,Elena Kostyukhina,English,Personal,Kyriakos Tsafaras,
08/12/2023,P2,Y10,3.10,Patrick Kimuli,Science,Service,Domenico Galizia,
08/12/2023,P3,Y12,3.14,Patrick Kimuli,Science,Service,Emily Otieno,
08/12/2023,P4,Y12,3.14,Patrick Kimuli,ESS,Service,Craig Campion,
08/12/2023,P5,Y13,3.14,Patrick Kimuli,ESS,Service,Craig Campion,
08/12/2023,P6,7R,3.09,Patrick Kimuli,Science,Service,Lucas Marville,
08/12/2023,P1,10R,3.20S,Elena Kostyukhina,English,Personal,Lilit Harutyunyan,
08/12/2023,P3,8B,3.20K,Elena Kostyukhina,English,Personal,Davud Hydryov,
08/12/2023,P4,8R,3.19R,Elena Kostyukhina,English,Personal,Michael Saslawski,
08/12/2023,P5,9R,3.19B,Elena Kostyukhina,English,Personal,Dr Mary Limna Dcunha,
08/12/2023,P1,9R,3.15,Thomas Jones-Parry,I&S,Service,David Haire,
08/12/2023,P2,11B,3.15,Thomas Jones-Parry,I&S,Service,Lucas Marville,
08/12/2023,P3,10B,3.15,Thomas Jones-Parry,I&S,Service,David Haire,
08/12/2023,P5,11R,3.15,Thomas Jones-Parry,I&S,Service,Julia Artamonova,
11/12/2023,P1,8R,3.16,Thomas Jones-Parry,I&S,Service,Gary Matos,
11/12/2023,P3,9R,3.19R,Thomas Jones-Parry,I&S,Service,Renata Orlandoni,
11/12/2023,P4,10B,3.15,Thomas Jones-Parry,I&S,Service,Fei Yang,
11/12/2023,P1,Y10,3.09,Patrick Kimuli,Biology,Service,Laura Ruiz,
11/12/2023,P3,Y13,3.11,Patrick Kimuli,ESS,Service,Craig Campion,
11/12/2023,P4,Y13,3.11,Patrick Kimuli,ESS,Service,Craig Campion,
11/12/2023,P6,7B,3.09,Patrick Kimuli,Science,Service,Kostas Mathioudakis,
11/12/2023,P5,Y10,2.01,Renata Orlandoni,Music,Service,Lucas Marville,https://mail.google.com/mail/u/0/#inbox/FMfcgzGwHxzMwCNPDgJqSxJVrDzLTdnG
11/12/2023,P6,Y8,2.01,Renata Orlandoni,Music,Service,Aaron Rodriguez,
12/11/2023,P1,Y10,3.10,Patrick Kimuli,Science,Service,Elena Kostyukhina,
12/11/2023,P2,7B,3.09,Patrick Kimuli,Science,Service,Michael Saslawski,
12/11/2023,P3,7R,3.09,Patrick Kimuli,Science,Service,Davud Hydryov,
12/11/2023,P2,9R,3.15,Thomas Jones-Parry,I&S,Service,Sara Karimli,
13/12/2023,P2,8B,3.15,Michael Saslawski,I&S,Personal,Domenico Galizia,
13/12/2023,P3,7B,3.16,Michael Saslawski,I&S,Personal,Benjamin Araud,
13/12/2023,P4,7R,3.16,Michael Saslawski,I&S,Personal,Svetlana Kivelidi,
13/12/2023,P5,7R,3.20,Michael Saslawski,English,Personal,Sergey Alferov,
13/12/2023,P2,Y11,3.09,Patrick Kimuli,Biology,Service,Aytaj Hajizada,
13/12/2023,P4,Y11,3.09,Patrick Kimuli,Biology,Service,Kostas Mathioudakis,
13/12/2023,P5,Y13,3.16,Patrick Kimuli,ESS,Service,Craig Campion,
13/12/2023,P6,Y12,3.16,Patrick Kimuli,ESS,Service,Craig Campion,
14/12/2023,P2,7R,3.16,Michael Saslawski,I&S,Personal,Julia Artamonova,
14/12/2023,P3,10R,3.16,Michael Saslawski,I&S,Personal,Mostafa Louassini,
14/12/2023,P4,8B,3.16,Michael Saslawski,I&S,Personal,Murat Kaya,
14/12/2023,P5,9B,3.15,Michael Saslawski,I&S,Personal,Svetlana Kivelidi,
14/12/2023,P6,7R,3.20S,Michael Saslawski,English,Personal,Emily Otieno,
14/12/2023,P1,Y12,3.11,Patrick Kimuli,Science,Service,Fei Yang,
14/12/2023,P3,7R,3.10,Patrick Kimuli,Science,Service,Murat Sevencan,
14/12/2023,P5,Y10,3.14,Patrick Kimuli,Science,Service,Sara Karimli,
14/12/2023,P6,7B,3.10,Patrick Kimuli,Science,Service,Lilit Harutyunyan,
14/01/2023,P2,8S,3.07,Peter Geiger,Art,Personal,Julia Artamonova,https://mail.google.com/mail/u/0/#inbox/FMfcgzGwJJVmKMkqxfZHKnHWwXTzNbKj
15/12/2023,P2,Y10,3.10,Patrick Kimuli,Science,Service,Julia Artamonova,
15/12/2023,P3,Y12,3.14,Patrick Kimuli,Science,Service,Emily Otieno,
15/12/2023,P4,Y12,3.14,Patrick Kimuli,ESS,Service,Craig Campion,
15/12/2023,P5,Y13,3.14,Patrick Kimuli,ESS,Service,Craig Campion,
15/12/2023,P6,7R,3.09,Patrick Kimuli,Science,Service,Lucas Marville,
10/01/2024,P6,Y11,3.14,Emily Otieno,Science,Personal,Elena Sukhova,
10/01/2024,P4,7B,3.14,Aleksey Khodyka,Science,Service,Murat Kaya,
10/01/2024,P6,Y10,3.11,Aleksey Khodyka,Science,Service,Salma Shindy Sherif,
11/01/2024,P5,10R,3.16,Sergey Alferov,I&S,Service,Aytaj Hajizada,
18/01/2024,P1,Y8,3.16,Thomas Jones-Parry,I&S,Service,Emily Otieno,
18/01/2024,P4,Y10,3.16,Thomas Jones-Parry,I&S,Service,Lucas Marville,
19/01/2024,P2,7B,3.07,Peter Geiger,Art,Personal,Julia Artamonova,
19/01/2024,P3,7R,3.07,Peter Geiger,Art,Personal,Sara Karimli,
19/01/2024,P4,9E,3.18,Peter Geiger,Art,Personal,Mostafa Louassini,
22/01/2024,P5,Y9,3.18,Fei Yang,Mandarin,Personal,Gary Matos,
22/01/2024,P6,Y7,3.18,Fei Yang,Mandarin,Personal,Benjamin Araud,
22/01/2024,P1,Y10,3.11,Salma Shindy Sherif,Science,Personal,Davud Hydryov,
22/01/2024,P2,Y11,3.11,Salma Shindy Sherif,Science,Personal,Domenico Galizia,
22/01/2024,P3,9B,3.10,Salma Shindy Sherif,Science,Personal,Laura Ruiz,
22/01/2024,P6,Y11,3.10,Salma Shindy Sherif,Science,Personal,Nina Mamina,
22/01/2024,P3,9K,2.13,Anna Sayiin,Russian,Personal,Sergey Alferov,
22/01/2024,P1,Y11,3.07,Julia Artamonova,Art,Personal,Michael Saslawski,
22/01/2024,P2,9R,3.07,Julia Artamonova,Art,Personal,Emily Otieno,
22/01/2024,P3,Y10,3.07,Julia Artamonova,Art,Personal,Elena Kostyukhina,
22/01/2024,P5,11B,3.19B,Audrey Oduor,English,Service,Michael Saslawski,
22/01/2024,P6,Y8B,2.01,Renata Orlandoni,Music,Personal,Peter Geiger,
23/01/2024,P1,Y10,3.19R,Gary Matos,Media,Service,Domenico Galizia,
23/01/2024,P5,9K,3.20S,Gary Matos,English,Service,Kyriakos Tsafaras,
23/01/2024,P2,9E,3.16,Sergey Alferov,I&S,Service,Davud Hydryov,
23/01/2024,P4,10R,3.16,Sergey Alferov,I&S,Service,Kon Song,
23/01/2024,P3,Y10,3.19R,Dr Mary Limna Dcunha,English,Service,Elena Sukhova,
23/01/2024,P2,11B,3.19B,Audrey Oduor,English,Service,Salma Shindy Sherif,
24/01/2024,P3,9R,2.14,Anna Sayiin,Russian,Personal,Sara Karimli,
26/01/2024,P1,Y11,3.17,Varvara Romashova,Russian,Personal,Gary Matos,
26/01/2024,P4,7B,2.03,Sara Karimli,Drama,Personal,Mostafa Louassini,
26/01/2024,P6,Y10,2.03,Sara Karimli,Drama,Personal,Nina Mamina,
29/01/2024,P1,Y12,2.12,Dr Mary Limna Dcunha,TOK,Personal,Varvara Romashova,
29/01/2024,P6,Y10,3.19R,Dr Mary Limna Dcunha,English,Personal,Gary Matos,
29/01/2024,P5,Y11,3.19B,Audrey Oduor,English,Service,Emily Otieno,
29/01/2024,P4,9R,3.17,Thomas Jones-Parry,I&S,Service,Aaron Rodriguez,
30/01/2024,P4,8R,3.19B,Thomas Jones-Parry,I&S,Service,Audrey Oduor,
30/01/2024,P5,Y9,3.19R,Lilit Harutyunyan,English,Service,Julia Artamonova,
31/01/2024,P6,8R,3.16,Thomas Jones-Parry,I&S,Service,Audrey Oduor,
31/01/2024,P6,Y9,3.19R,Lilit Harutyunyan,English,Service,Renata Orlandoni,
01/02/2024,P4,10B,3.16,Thomas Jones-Parry,I&S,Service,Svetlana Kivelidi,
01/02/2024,P5,10B,3.16,Thomas Jones-Parry,I&S,Service,Fei Yang,
06/02/2024,P4,8R,3.19B,Thomas Jones-Parry,I&S,Service,Kon Song,
06/02/2024,P5,Y9,3.19R,Lilit Harutyunyan,English,Service,Fei Yang,
06/02/2024,P1,Y10,3.19R,Gary Matos,Media,Service,Audrey Oduor,
06/02/2024,P5,9K,3.20S,Gary Matos,English,Service,Kon Song,
06/02/2024,P6,Y11,3.20S,Gary Matos,Media,Service,Murat Kaya,
07/02/2024,P3,9R,2.14,Anna Sayiin,Russian,Personal,Nina Mamina,
09/02/2024,P4,8R,2.01,Renata Orlandoni,Music,Service,Emily Otieno,
09/02/2024,P5,9K,2.01,Renata Orlandoni,Music,Service,Aleksey Khodyka,
09/02/2024,P2,7B,3.07,Peter Geiger,Art,Service,Aytaj Hajizada,
09/02/2024,P3,7R,3.07,Peter Geiger,Art,Service,Laura Ruiz,
09/02/2024,P4,9E,3.18,Peter Geiger,Art,Service,Alma Kriwdic,
09/02/2024,P1,11R,2.14,Nina Mamina,Russian,Service,Mostafa Louassini,
09/02/2024,P2,10R,2.13,Nina Mamina,Russian,Service,Fei Yang,
09/02/2024,P3,8B,2.14,Nina Mamina,Russian,Service,Julia Artamonova,
09/02/2024,P1,10R,2.12,Lucas Marville,French,Service,Sara Karimli,
09/02/2024,P6,9R,2.12,Lucas Marville,French,Service,Michael Saslawski,
09/02/2024,P1,Y11,2.14,Anna Sayiin,Russian,Personal,Gary Matos,
09/02/2024,P5,9R,2.14,Anna Sayiin,Russian,Personal,Emily Otieno,
09/02/2024,P6,8R,2.14,Anna Sayiin,Russian,Personal,Elena Kostyukhina,
13/02/2024,P2,9E,3.16,Sergey Alferov,I&S,Service,Domenico Galizia,
13/02/2024,P4,10R,3.16,Sergey Alferov,I&S,Service,Brendan Henderson,
14/02/2024,P2,8B,2.03,Sara Karimli,Drama,Service,Renata Orlandoni,
14/02/2024,P5,9E,2.03,Sara Karimli,Drama,Service,Elena Sukhova,
14/02/2024,P2,10R,2.13,Nina Mamina,Russian,Service,Anna Sayiin,
14/02/2024,P2,8R,3.19B,Svetlana Kivelidi,English,Service,Audrey Oduor,
14/02/2024,P3,Y10,3.19B,Svetlana Kivelidi,English,Service,Sergey Alferov,
14/02/2024,P1,8R,3.16,Thomas Jones-Parry,I&S,Service,Elena Sukhova,
16/02/2024,P2,8B,3.15,Michael Saslawski,I&S,Personal,Aytaj Hajizada,
16/02/2024,P3,7B,3.15,Michael Saslawski,I&S,Personal,Benjamin Araud,
16/02/2024,P5,7R,3.15,Michael Saslawski,I&S,Personal,Fei Yang,
26/02/2024,P1,Y13,DPL,,,Service,Domenico Galizia,
26/02/2024,P2,Y13,DPL,,,Service,Kostas Mathioudakis,
26/02/2024,P3,Y13,DPL,,,Service,Aytaj Hajizada,
26/02/2024,P4,Y13,DPL,,,Service,Gary Matos,
26/02/2024,P5,Y13,DPL,,,Service,Murat Kaya,
26/02/2024,P6,Y13,DPL,,,Service,Sergey Alferov,
26/02/2024,P1,Y10,3.20S,Dr Mary Limna Dcunha,English,Personal,Benjamin Araud,
27/02/2024,P1,Y13,DPL,,,Service,Domenico Galizia,
27/02/2024,P2,Y13,DPL,,,Service,Audrey Oduor,
27/02/2024,P3,Y13,DPL,,,Service,Elena Kostyukhina,
27/02/2024,P4,Y13,DPL,,,Service,Sergey Alferov,
27/02/2024,P5,Y13,DPL,,,Service,Salma Shindy Sherif,
27/02/2024,P6,Y13,DPL,,,Service,Domenico Galizia,
27/02/2024,P1,11B,3.20S,Gary Matos,English,Service,Aytaj Hajizada,
27/02/2024,P2,10B,3.20S,Dr Mary Limna Dcunha,English,Service,Thomas Jones-Parry,
27/02/2024,P3,Y9,3.22S,Kostas Mathioudakis,Maths,Personal,Sara Karimli,
28/02/2024,P1,Y13,DPL,,,Service,Domenico Galizia,
28/02/2024,P2,Y13,DPL,,,Service,Davud Hydryov,
28/02/2024,P3,Y13,DPL,,,Service,Kostas Mathioudakis,
28/02/2024,P4,Y13,DPL,,,Service,Domenico Galizia,
28/02/2024,P5,Y13,DPL,,,Service,Lucas Marville,
28/02/2024,P6,Y13,DPL,,,Service,Mostafa Louassini,
28/02/2024,P4,Y13,3.29,Aytaj Hajizada,,Service,Sara Karimli,
28/02/2024,P5,Y7,SWP,Dunja Antic,PE,Personal,Salma Shindy Sherif,
28/02/2024,P4,Y10,2.01,Renata Orlandoni,Music,Personal,Sergey Alferov,
28/02/2024,P6,Y11,2.01,Renata Orlandoni,Music,Personal,Laura Ruiz,
28/02/2024,P2,11R,3.19B,Lilit Harutyunyan,English,Personal,Kyriakos Tsafaras,
28/02/2024,P3,Y11,KEY,Lilit Harutyunyan,English,Personal,Aleksey Khodyka,
28/02/2024,P6,9K,3.19R,Lilit Harutyunyan,English,Personal,Michael Saslawski,
29/02/2024,P1,Y13,DPL,,,Service,Domenico Galizia,
29/02/2024,P2,Y13,DPL,,,Service,Domenico Galizia,
29/02/2024,P3,Y13,DPL,,,Service,Laura Ruiz,
29/02/2024,P4,Y13,DPL,,,Service,Anna Sayiin,
29/02/2024,P5,Y13,DPL,,,Service,Domenico Galizia,
29/02/2024,P6,Y13,DPL,,,Service,Murat Kaya,
29/02/2024,P1,11R,3.16,Thomas Jones-Parry,I&S,Service,Michael Saslawski,
29/02/2024,P2,9R,3.16,Thomas Jones-Parry,I&S,Service,Salma Shindy Sherif,
29/02/2024,P4,10B,3.14,Thomas Jones-Parry,I&S,Service,Salma Shindy Sherif,
29/02/2024,P6,Y11,3.19R,Audrey Oduor,English,Service,Renata Orlandoni,
29/02/2024,P6,Y9,3.22K,Craig Campion,Maths,Service,Kostas Mathioudakis,
29/02/2024,P1,9K,3.07,Julia Artamonova,Art,Personal,Sara Karimli,
29/02/2024,P2,8B,3.07,Julia Artamonova,Art,Personal,Varvara Romashova,
29/02/2024,P3,Y7,MSH,Dunja Antic,PE,Personal,Mostafa Louassini,
29/02/2024,P1,9R,2.14,Anna Sayiin,Russian,Service,Benjamin Araud,
29/02/2024,P2,9E,2.14,Anna Sayiin,Russian,Service,Davud Hydryov,
01/03/2024,P1,Y13,DPL,,,Service,Domenico Galizia,
01/03/2024,P2,Y13,DPL,,,Service,Davud Hydryov,
01/03/2024,P3,Y13,DPL,,,Service,Sara Karimli,
01/03/2024,P4,Y13,DPL,,,Service,Fei Yang,
01/03/2024,P5,Y13,DPL,,,Service,Aytaj Hajizada,
01/03/2024,P6,Y13,DPL,,,Service,Dr Mary Limna Dcunha,
01/03/2024,P5,Y11,3.19R,Audrey Oduor,English,Service,Benjamin Araud,
01/03/2024,P2,Y12,3.20S,Thomas Jones-Parry,I&S,Service,Gary Matos,
01/03/2024,P3,11R,3.16,Thomas Jones-Parry,I&S,Service,Sergey Alferov,
01/03/2024,P4,11B,3.16,Thomas Jones-Parry,I&S,Service,Elena Kostyukhina,
01/03/2024,P5,10B,3.16,Thomas Jones-Parry,I&S,Service,Emily Otieno,
01/03/2024,P6,8R,3.16,Thomas Jones-Parry,I&S,Service,Aleksey Khodyka,
01/03/2024,P3,Y9,3.22K,Craig Campion,Maths,Service,Kostas Mathioudakis,
01/03/2024,P1,Y7,SWP,Dunja Antic,PE,Personal,David Haire,
01/03/2024,P4,11R,SH,Dunja Antic,PE,Personal,David Haire,
01/03/2024,P2,9K,3.07,Julia Artamonova,Art,Personal,Varvara Romashova,
01/03/2024,P4,9B,3.07,Julia Artamonova,Art,Personal,Renata Orlandoni,
01/03/2024,P6,8B,3.07,Julia Artamonova,Art,Personal,Peter Geiger,
01/03/2024,P4,9E,3.18,Peter Geiger,Art,Service,Nina Mamina,
05/03/2024,P2,Y10,3.20S,Dr Mary Limna Dcunha,English,Personal,Thomas Jones-Parry,
07/03/2024,P3,,3.19R,Mr Vuk,English,Service,Mostafa Louassini,
11/03/2024,P1,,3.17,Mr Vuk,English,Personal,Gary Matos,
13/03/2024,P2,10R,3.16,Sergey Alferov,I&S,Personal,Davud Hydryov,
13/03/2024,P4,Y10,2.01,Renata Orlandoni,Music,Personal,Sara Karimli,
13/03/2024,P6,Y10,2.01,Renata Orlandoni,Music,Personal,Lucas Marville,
14/03/2024,P6,Y7,3 21R,Kyriakos Tsafaras,Maths,Personal,Julia Artamonova,
14/03/2024,P1,Y8,2.01,Renata Orlandoni,Music,Personal,Domenico Galizia,
14/03/2024,P2,7R,2.01,Renata Orlandoni,Music,Personal,Gary Matos,
15/03/2024,P6,,KC,Mr Vuk,English,Personal,Audrey Oduor,
15/03/2024,P6,9K,3.20S,Gary Matos,English,Service,Laura Ruiz,
15/03/2024,P2,Y11,3.21R,Kyriakos Tsafaras,Maths,Personal,Salma Shindy Sherif,
15/03/2024,P5,Y7,3.21R,Kyriakos Tsafaras,Maths,Personal,Fei Yang,
15/03/2024,P6,Y10,3.21R,Kyriakos Tsafaras,Maths,Personal,Renata Orlandoni,
18/03/2024,P2,Y7,3.21R,Kyriakos Tsafaras,Maths,Personal,Aytaj Hajizada,
18/03/2024,P3,Y10,3.21R,Kyriakos Tsafaras,Maths,Personal,Laura Ruiz,
18/03/2024,P4,Y11,3.21R,Kyriakos Tsafaras,Maths,Personal,Salma Shindy Sherif,
18/03/2024,P3,Y7,3.10,Aleksey Khodyka,Science,Service,Fei Yang,
18/03/2024,P3,Y11,3.34,David Haire,Design,Service,Benjamin Araud,no machine is to be used
18/03/2024,P4,8B,3.34,David Haire,Design,Service,Anna Sayiin,no machine is to be used
18/03/2024,P5,9K,3.34,David Haire,Design,Service,Murat Sevencan,no machine is to be used
18/03/2024,P6,Y10,3.34,David Haire,Design,Service,Peter Geiger,no machine is to be used
19/03/2024,P1,Y10,3.34,David Haire,Design,Service,Benjamin Araud,no machine is to be used
19/03/2024,P2,9E,3.34,David Haire,Design,Service,Gary Matos,no machine is to be used
19/03/2024,P4,9B,3.34,David Haire,Design,Service,Murat Sevencan,no machine is to be used
19/03/2024,P5,Y11,3.34,David Haire,Design,Service,Sara Karimli,no machine is to be used
19/03/2024,P6,9R,3.34,David Haire,Design,Service,Sergey Alferov,no machine is to be used
20/03/2024,P3,11R,3.16,Thomas Jones-Parry,I&S,Service,Davud Hydryov,
20/03/2024,P4,11B,3.16,Thomas Jones-Parry,I&S,Service,Murat Kaya,
20/03/2024,P6,8R,3.18,Thomas Jones-Parry,I&S,Service,Lucas Marville,
20/03/2024,P2,Y11,3.19R,Audrey Oduor,English,Service,Mostafa Louassini,
20/03/2024,P2,7R,3.34,David Haire,Design,Service,Kyriakos Tsafaras,no machine is to be used
20/03/2024,P3,7B,3.34,David Haire,Design,Service,Kostas Mathioudakis,no machine is to be used
20/03/2024,P4,Y10,3.34,David Haire,Design,Service,Aleksey Khodyka,no machine is to be used
20/03/2024,P6,Y11,3.34,David Haire,Design,Service,Michael Saslawski,no machine is to be used
20/03/2024,P2,Y10,SH,Honey Bathia,PE,Personal,Peter Geiger,
20/03/2024,P4,Y11,LIB,Honey Bathia,PE,Personal,Sara Karimli,
20/03/2024,P5,Y7,SH,Honey Bathia,PE,Personal,Salma Shindy Sherif,
21/03/2024,P4,Y9,3.19R,Lilit Harutyunyan,English,Service,Nina Mamina,
22/03/2024,P1,Y11,2.03,Sara Karimli,Drama,Service,Peter Geiger,
22/03/2024,P1,Y11,3.19B,Audrey Oduor,English,Service,Nina Mamina,
22/03/2024,P3,Y10,3.10,Aleksey Khodyka,Science,Personal,Murat Kaya,
22/03/2024,P4,Y10,3.07,Julia Artamonova,Art,Service,Elena Kostyukhina,
22/03/2024,P6,Y11,3.07,Julia Artamonova,Art,Service,Emily Otieno,
22/03/2024,P5,7B,3.22K,Murat Sevencan,Maths,Service,Kostas Mathioudakis,
22/03/2024,P6,Y10,3.22K,Murat Sevencan,Maths,Service,Daniel Kekere,
22/03/2024,P2,Y8,3.19B,Aytaj Hajizada,Spanish,Personal,Salma Shindy Sherif,
01/04/2024,P1,Y9,3.22K,Craig Campion,Maths,Service,Murat Sevencan,
01/04/2024,P3,11R,3.09,Emily Otieno,Physics,Personal,Fei Yang,
01/04/2024,P4,11R,3.21B,Emily Otieno,Maths,Personal,Michael Saslawski,
01/04/2024,P5,10R,3.09,Emily Otieno,Physics,Personal,Mostafa Louassini,
02/04/2024,P3,Y9,3.22K,Craig Campion,Maths,Service,Sara Karimli,
03/04/2024,P4,Y9,3.22K,Craig Campion,Maths,Service,Sergey Alferov,
04/04/2024,P5,Y9,3.22K,Craig Campion,Maths,Service,Emily Otieno,
05/04/2024,P5,Y11,3.19B,Lilit Harutyunyan,English,Service,Aytaj Hajizada,
05/04/2024,P3,Y9,3.22K,Craig Campion,Maths,Service,Murat Kaya,
05/04/2024,P3,Y10,3.10,Aleksey Khodyka,ESS,Personal,Julia Artamonova,
08/04/2024,P5,Y11,3.19R,Audrey Oduor,English,Personal,Julia Artamonova,
08/04/2024,P1,Y12,2.13,Aytaj Hajizada,Spanish,Service,Mostafa Louassini,
08/04/2024,P1,Y12,2.13,Laura Ruiz,Spanish,Service,Salma Shindy Sherif,
08/04/2024,P1,Y9,3.22K,Craig Campion,Maths,Service,Aaron Rodriguez,
09/04/2024,P3,Y11,3.19R,Audrey Oduor,English,Personal,Gary Matos,
09/04/2024,P3,Y9,3.22K,Craig Campion,Maths,Service,Elena Kostyukhina,
09/04/2024,P1,Y11,2.03,Sara Karimli,Art,Personal,Michael Saslawski,
09/04/2024,P4,7R,2.03,Sara Karimli,Art,Personal,Dr Mary Limna Dcunha,
10/04/2024,P2,Y11,3.19R,Audrey Oduor,English,Personal,Davud Hydryov,
10/04/2024,P4,Y9,3.22K,Craig Campion,Maths,Service,Sergey Alferov,
10/04/2024,P4,Y7,2.14,Anna Sayiin,Russian,Personal,Sara Karimli,
10/04/2024,P5,Y8,2.14,Anna Sayiin,Russian,Personal,Aaron Rodriguez,
10/04/2024,P6,Y10,2.12,Anna Sayiin,Russian,Personal,Aleksey Khodyka,
10/04/2025,P5,Y11RB,3.21B,Emily Otieno,Maths,Personal,Kostas Mathioudakis,
10/04/2025,P6,Y11,3.09,Emily Otieno,Physics,Personal,Aleksey Khodyka,
11/04/2024,P1,Y7,3.17,Laura Ruiz,Spanish,Service,Sara Karimli,
11/04/2024,P5,Y9,3.22K,Craig Campion,Maths,Service,Kyriakos Tsafaras,
11/04/2024,P2,Y11,3.21B,Emily Otieno,Maths,Personal,Davud Hydryov,
11/04/2024,P6,Y10,3.10,Emily Otieno,Maths,Personal,Julia Artamonova,
12/04/2024,P3,Y9,3.22K,Craig Campion,Maths,Service,Murat Kaya,
12/04/2024,P4,Y7,2.13,Nina Mamina,Russian,Personal,Mostafa Louassini,
12/04/2024,P5,Y9,2.13,Nina Mamina,Russian,Personal,Fei Yang,
12/04/2024,P2,Y11,3.21B,Emily Otieno,Maths,Personal,Sara Karimli,
12/04/2024,P4,Y10,3.10,Emily Otieno,Physics,Personal,Michael Saslawski,
15/04/2024,P1,Y9,3.22K,Craig Campion,Maths,Service,Aaron Rodriguez,
16/04/2024,P3,Y9,3.22K,Craig Campion,Maths,Service,Elena Kostyukhina,
16/04/2024,P5,Y10,2.14,Varvara Romashova,Russian,Service,Sara Karimli,
16/04/2024,P3,Y9,3.22K,Craig Campion,Maths,Service,Elena Kostyukhina,
17/04/2024,P2,11R,3.19B,Lilit Harutyunyan,English,Service,Kyriakos Tsafaras,
17/04/2024,P6,Y10,2.14,Varvara Romashova,Russian,Service,Mostafa Louassini,
18/04/2024,P5,Y9,3.22S,Kostas Mathioudakis,Maths,Service,Murat Sevencan,
18/04/2024,P2,Y7,3.19B,Elena Kostyukhina,English,Personal,Davud Hydryov,
18/04/2024,P3,Y10,3.20K,Elena Kostyukhina,English,Personal,Audrey Oduor,
18/04/2024,P4,Y9,3.20K,Elena Kostyukhina,English,Personal,Nina Mamina,
18/04/2024,P5,Y8,3.20K,Elena Kostyukhina,English,Personal,Svetlana Kivelidi,
18/04/2024,P1,Y8,2.01,Renata Orlandoni,Music,Personal,Domenico Galizia,
18/04/2024,P2,Y7,2.01,Renata Orlandoni,Music,Personal,Peter Geiger,
19/04/2024,P4,Y7,2.13,Nina Mamina,Russian,Personal,Aleksey Khodyka,
19/04/2024,P5,Y9,2.13,Nina Mamina,Russian,Personal,Emily Otieno,
19/04/2024,P5,Y11,3.19B,Lilit Harutyunyan,English,Service,Fei Yang,
19/04/2024,P6,Y9,3.19R,Lilit Harutyunyan,English,Service,Audrey Oduor,
22/04/2024,P1,Y10,3.20K,Elena Kostyukhina,English,Personal,Gary Matos,
22/04/2024,P2,Y8,3.20K,Elena Kostyukhina,English,Personal,Aytaj Hajizada,
22/04/2024,P4,Y7,3.20K,Elena Kostyukhina,English,Personal,Dr Mary Limna Dcunha,
22/04/2024,P6,Y9,3.20K,Elena Kostyukhina,English,Personal,Audrey Oduor,
22/04/2024,P1,,3.17,Mr Vuk,English,Personal,Lilit Harutyunyan,
22/04/2024,P4,Y9,3.29,Benjamin Araud,French,Personal,Julia Artamonova,
23/04/2024,P2,Y10,3.20K,Elena Kostyukhina,English,Personal,Audrey Oduor,
23/04/2024,P4,Y7,3.20K,Elena Kostyukhina,English,Personal,Audrey Oduor,
23/04/2024,P5,Y9,3.20K,Elena Kostyukhina,English,Personal,Sara Karimli,
23/04/2024,P6,Y7,3.20K,Elena Kostyukhina,English,Personal,Gary Matos,
24/04/2024,P2,Y7,3.20K,Elena Kostyukhina,English,Personal,Dr Mary Limna Dcunha,
24/04/2024,P3,Y8,3.20K,Elena Kostyukhina,English,Personal,Audrey Oduor,
24/04/2024,P5,Y10,3.20K,Elena Kostyukhina,English,Personal,Benjamin Araud,
24/04/2024,P6,Y9,3.20K,Elena Kostyukhina,English,Personal,Michael Saslawski,
25/04/2024,P2,Y7,3.20K,Elena Kostyukhina,English,Personal,Audrey Oduor,
25/04/2024,P3,Y10,3.20K,Elena Kostyukhina,English,Personal,Mostafa Louassini,
25/04/2024,P4,Y9,3.20K,Elena Kostyukhina,English,Personal,Sara Karimli,
25/04/2024,P5,Y8,3.20K,Elena Kostyukhina,English,Personal,Julia Artamonova,
25/04/2024,P5,Y9,3.22K,Craig Campion,Maths,Service,Aytaj Hajizada,
25/04/2024,P6,Y12,3.14,Maria Metrokhina,Economics,Personal,Davud Hydryov,
25/04/2024,P4,,DP,Varvara Romashova,Russian,Service,Emily Otieno,
26/04/2024,P1,Y10,Lib,Elena Kostyukhina,English,Personal,Michael Saslawski,
26/04/2024,P2,Y7,3.20K,Elena Kostyukhina,English,Personal,Aleksey Khodyka,
26/04/2024,P3,Y8,3.20K,Elena Kostyukhina,English,Personal,Lilit Harutyunyan,
26/04/2024,P6,Y9,3.20K,Elena Kostyukhina,English,Personal,Nina Mamina,
26/04/2024,P1,Y8,3.22K,Murat Sevencan,Maths,Personal,Emily Otieno,
26/04/2024,P2,Y11,3.22K,Murat Sevencan,Maths,Personal,Murat Kaya,
26/04/2024,P5,Y7,3.22K,Murat Sevencan,Maths,Personal,Davud Hydryov,
26/04/2024,P6,Y10,3.22K,Murat Sevencan,Maths,Personal,Benjamin Araud,
14/05/2024,P5,Y9,3.19R,Lilit Harutyunyan,English,Service,Aleksey Khodyka,
15/05/2024,P6,Y8,3.18,Thomas Jones-Parry,I&S,Service,Julia Artamonova,
15/05/2024,P6,Y9,3.19R,Lilit Harutyunyan,English,Service,Fei Yang,
16/05/2024,P2,9R,3.16,Thomas Jones-Parry,I&S,Service,Brendan Henderson,
16/05/2024,P4,10B,3.14,Thomas Jones-Parry,I&S,Service,Aytaj Hajizada,
17/05/2024,P5,10B,3.16,Thomas Jones-Parry,I&S,Service,Davud Hydryov,
17/05/2024,P6,8R,3.16,Thomas Jones-Parry,I&S,Service,Emily Otieno,
17/05/2024,P6,Y9,3.19R,Lilit Harutyunyan,English,Service,Laura Ruiz,
21/05/2024,P3,Y9,3.22K,Craig Campion,Maths,Service,Murat Sevencan,
21/05/2024,P5,Y9,3.19R,Lilit Harutyunyan,English,Service,Mostafa Louassini,
22/05/2024,P4,Y10,3.07,Julia Artamonova,Art,Personal,Sara Karimli,
22/05/2024,P5,Y9,3.07,Julia Artamonova,Art,Personal,Renata Orlandoni,
22/05/2024,P6,Y11,3.07,Julia Artamonova,Art,Personal,Murat Kaya,
23/05/2024,P1,Y9,3.07,Julia Artamonova,Art,Personal,Emily Otieno,
23/05/2024,P2,Y8,3.07,Julia Artamonova,Art,Personal,Davud Hydryov,
23/05/2024,P2,Y9,2.13,Svetlana Kivelidi,English,Service,Nina Mamina,
23/05/2024,P2,9B,3.15,Michael Saslawski,I&S,Personal,Audrey Oduor,
23/05/2024,P3,7R,3.10,Aleksey Khodyka,Chemistry,Service,Julia Artamonova,
23/05/2024,P3,Y10,3.19,Svetlana Kivelidi,English,Service,Daniel Kekere,
23/05/2024,P3,Y10,3.20S,Dr Mary Limna Dcunha,English,Service,Laura Ruiz,
23/05/2024,P3,9K,3.15,Michael Saslawski,I&S,Personal,Domenico Galizia,
23/05/2024,P4,7B,3.10,Aleksey Khodyka,Chemistry,Service,Dr Mary Limna Dcunha,
23/05/2024,P4,Y9,3.19,Svetlana Kivelidi,English,Service,Anna Sayiin,
23/05/2024,P4,7R,3.15,Michael Saslawski,I&S,Personal,Renata Orlandoni,
23/05/2024,P5,Y10,3.10,Murat Kaya,Chemistry,Service,Elena Kostyukhina,
23/05/2024,P5,Y10,3.11,Salma Shindy Sherif,Science,Service,Thomas Jones-Parry,
23/05/2024,P5,Y9,3.22K,Craig Campion,Maths,Service,Lucas Marville,
23/05/2024,P5,7R,3.15,Michael Saslawski,I&S,Personal,Murat Sevencan,
24/05/2024,P1,Y9,2.14,Aytaj Hajizada,Spanish,Personal,Michael Saslawski,
24/05/2024,P2,Y8,3.19B,Aytaj Hajizada,Spanish,Personal,Davud Hydryov,
24/05/2024,P2,Y9,3.07,Julia Artamonova,Art,Personal,Sara Karimli,
24/05/2024,P4,Y9,3.07,Julia Artamonova,Art,Personal,Laura Ruiz,
24/05/2024,P6,Y8,3.07,Julia Artamonova,Art,Personal,Nina Mamina,
27/05/2024,P4,Y9,3.18,Fei Yang,Mandarin,Personal,Sara Karimli,
27/05/2024,P5,Y10,3.09,Emily Otieno,Psichology,Personal,Svetlana Kivelidi,
28/05/2024,P4,Y9,2.13,Nina Mamina,Russian,Service,Murat Sevencan,
29/05/2024,P4,Y9,3.22K,Craig Campion,Maths,Personal,Kyriakos Tsafaras,
29/05/2024,P4,Y7,2.14,Anna Sayiin,Russian,Personal,Benjamin Araud,
29/05/2024,P5,Y8,2.14,Anna Sayiin,Russian,Personal,Salma Shindy Sherif,
29/05/2024,P6,Y10,2.12,Anna Sayiin,Russian,Personal,Lucas Marville,
31/05/2024,P1,Y10,3.20S,Dr Mary Limna Dcunha,English,Personal,Audrey Oduor,
31/05/2024,P2,Y9,2.03,Renata Orlandoni,Music,Service,Gary Matos,
31/05/2024,P5,Y9,2.03,Renata Orlandoni,Music,Service,Julia Artamonova,
31/05/2024,P6,Y9,3.19R,Lilit Harutyunyan,English,Service,Davud Hydryov,
03/06/2024,P5,Y10,3.09,Emily Otieno,Physics,Personal,Kyriakos Tsafaras,
03/06/2024,P4,Y9,2.14,Aytaj Hajizada,Spanish,Service,Gary Matos,
03/06/2024,P5,Y7,2.01,Renata Orlandoni,Art,Service,Laura Ruiz,
03/06/2024,P6,Y8,2.01,Sara Karimli,Art,Service,Nina Mamina,
03/06/2024,P1,7B,3.07,Peter Geiger,Art,Personal,Julia Artamonova,
03/06/2024,P5,7R,3.07,Peter Geiger,Art,Personal,Julia Artamonova,
03/06/2024,P6,10B,3.07,Peter Geiger,Art,Personal,Julia Artamonova,
03/06/2024,P4,Y9,2.14,Aytaj Hajizada,Spanish,Service,Brendan Henderson,
04/06/2024,P1,Y9,3.16,Sergey Alferov,I&S,Service,Elena Kostyukhina,
04/06/2024,P2,Y9,2.01,Renata Orlandoni,Art,Service,Laura Ruiz,
04/06/2024,P3,Y8,2.01,Renata Orlandoni,Art,Service,Anna Sayiin,
04/06/2024,P6,Y9,2.03,Renata Orlandoni,Art,Service,Daniel Kekere,
04/06/2024,P1,10B,3.07,Peter Geiger,Art,Personal,Julia Artamonova,
04/06/2024,P1,Y9,2.13,Nina Mamina,Russian,Personal,Benjamin Araud,
04/06/2024,P4,Y9,2.13,Nina Mamina,Russian,Personal,Emily Otieno,
04/06/2024,P5,au,2.13,Nina Mamina,Russian,Personal,Audrey Oduor,
05/06/2024,P4,10B,3.07,Peter Geiger,Art,Personal,Julia Artamonova,
06/06/2024,P3,Y9,3.18,Peter Geiger,Art,Personal,Julia Artamonova,
06/06/2024,P5,Y7,3.07,Peter Geiger,Art,Personal,Julia Artamonova,
06/06/2024,P6,Y8,3.07,Peter Geiger,Art,Personal,Julia Artamonova,
07/06/2024,P3,Y7,3.07,Peter Geiger,Art,Personal,Julia Artamonova,
07/06/2024,P4,Y9,3.18,Peter Geiger,Art,Personal,Laura Ruiz,
07/06/2024,P5,Y8,3.07,Peter Geiger,Art,Personal,Julia Artamonova,
07/06/2024,P1,Y9,2.14,Aytaj Hajizada,Spanish,Service,Stephen Barrett,
07/06/2024,P2,Y8,3.29,Benjamin Araud,French,Service,Kyriakos Tsafaras,
07/06/2024,P2,Y7,3.20K,Elena Kostyukhina,English,Service,Nina Mamina,
07/06/2024,P3,Y8,3.20K,Elena Kostyukhina,English,Service,Sara Karimli,
07/06/2024,P2,Y7,3.15,Michael Saslawski,I&S,Personal,Davud Hydryov,
07/06/2024,P3,Y7,3.15,Michael Saslawski,I&S,Personal,Murat Sevencan,
07/06/2024,P5,Y8,3.15,Michael Saslawski,I&S,Personal,Sergey Alferov,
07/06/2024,P6,Y7,3.15,Michael Saslawski,I&S,Personal,Dr Mary Limna Dcunha,
10/06/2024,P1,7B,3.07,Peter Geiger,Art,Personal,Julia Artamonova,
10/06/2024,P5,7R,3.07,Peter Geiger,Art,Personal,Julia Artamonova,
10/06/2024,P6,10B,3.07,Peter Geiger,Art,Personal,Julia Artamonova,
10/06/2024,P4,Y9,2.14,Aytaj Hajizada,Spanish,Service,Brendan Henderson,
11/06/2024,P1,10B,3.07,Peter Geiger,Art,Personal,Julia Artamonova,
11/06/2024,P1,Y9,2.13,Nina Mamina,Russian,Personal,Benjamin Araud,
11/06/2024,P4,Y9,2.13,Nina Mamina,Russian,Personal,Sergey Alferov,
11/06/2024,P5,Y10,2.13,Nina Mamina,Russian,Personal,Varvara Romashova,
11/06/2024,P2,9K,3.11,Salma Shindy Sherif,Science,Personal,Emily Otieno,
11/06/2024,P3,8B,3.11,Salma Shindy Sherif,Science,Personal,Dr Mary Limna Dcunha,
11/06/2024,P4,Y10,3.11,Salma Shindy Sherif,Science,Personal,Audrey Oduor,
11/06/2024,P6,8R,3.09,Salma Shindy Sherif,Science,Personal,Sara Karimli,
13/06/2024,P3,Y9,3.18,Peter Geiger,Art,Personal,Julia Artamonova,
13/06/2024,P5,Y7,3.07,Peter Geiger,Art,Personal,Julia Artamonova,
13/06/2024,P6,Y8,3.07,Peter Geiger,Art,Personal,Julia Artamonova,
13/06/2024,P1,Y9,3.15,Sergey Alferov,I&S,Service,Aleksey Khodyka,
13/06/2024,P5,Y10,3.16,Sergey Alferov,I&S,Service,Fei Yang,
13/06/2024,P3,Y10,3.20S,Dr Mary Limna Dcunha,English,Service,Emily Otieno,
13/06/2024,P6,Y10,3.20S,Gary Matos,English,Service,Daniel Kekere,
14/06/2024,P1,Y10,3.16,Sergey Alferov,I&S,Service,Kyriakos Tsafaras,
14/06/2024,P3,Y10,3.20S,Dr Mary Limna Dcunha,English,Service,Laura Ruiz,
14/06/2024,P6,Y9,3.20S,Gary Matos,English,Service,Davud Hydryov,
14/06/2024,P3,Y7,3.07,Peter Geiger,Art,Personal,Julia Artamonova,
14/06/2024,P4,Y9,3.18,Peter Geiger,Art,Personal,Laura Ruiz,
14/06/2024,P5,Y8,3.07,Peter Geiger,Art,Personal,Julia Artamonova,
14/06/2024,P1,Y9,2.14,Aytaj Hajizada,Spanish,Service,Stephen Barrett,
14/06/2024,P5,Y9,2.14,Anna Sayiin,Russian,Personal,Emily Otieno,
17/06/2024,P3,Y9,2.03,Sara Karimli,Drama,Service,Benjamin Araud,
17/06/2024,P2,Y7,3.21R,Kyriakos Tsafaras,Maths,Service,Davud Hydryov,
17/06/2024,P3,Y10,3.21R,Kyriakos Tsafaras,Maths,Service,Elena Kostyukhina,
17/06/2024,P4,Y9,2.12,Lucas Marville,French,Service,Julia Artamonova,
17/06/2024,P4,Y9,2.14,Aytaj Hajizada,Spanish,Service,Brendan Henderson,
17/06/2024,P1,PreDP,3.09,Murat Kaya,Science,Service,Aaron Rodriguez,
17/06/2024,P2,Y10,3.09,Murat Kaya,Science,Service,Sara Karimli,
17/06/2024,P3,Y9,3.14,Murat Kaya,Science,Service,Thomas Jones-Parry,
17/06/2024,P6,Y9,3.19,Lilit Harutyunyan,English,Personal,Sergey Alferov,
20/06/2024,P6,Y9,3.09,Murat Kaya,Science,Service,Julia Artamonova,
21/06/2024,P1,Y9,2.14,Aytaj Hajizada,Spanish,Service,Stephen Barrett,
24/06/2024,P4,Y9,2.14,Aytaj Hajizada,Spanish,Service,Brendan Henderson,
24/06/2024,P5,Y7,2.01,Renata Orlandoni,Music,Service,Julia Artamonova,
24/06/2024,P1,Y10,3.19B,Svetlana Kivelidi,English,Service,Gary Matos,
24/06/2024,P4,Y8,3.19B,Svetlana Kivelidi,English,Service,Anna Sayiin,
24/06/2024,P6,Y9,3.19B,Svetlana Kivelidi,English,Service,Audrey Oduor,
24/06/2024,P5,Y12,2.12,Lucas Marville,French,Service,Benjamin Araud,
24/06/2024,P6,Y12,2.12,Lucas Marville,French,Service,Benjamin Araud,
25/06/2024,P1,Y9,2.14,Anna Sayiin,Russian,Personal,Nina Mamina,
25/06/2024,P4,Y10,2.14,Anna Sayiin,Russian,Personal,Murat Sevencan,
25/06/2024,P6,Y9,2.14,Anna Sayiin,Russian,Personal,Davud Hydryov,
25/06/2024,P2,Y7,3.15,Michael Saslawski,English,Personal,Daniel Kekere,
25/06/2024,P3,Y7,3.15,Michael Saslawski,I&S,Personal,Thomas Jones-Parry,
25/06/2024,P4,Y8,3.15,Michael Saslawski,I&S,Personal,Sergey Alferov,
25/06/2024,P6,Y9,3.15,Michael Saslawski,I&S,Personal,Sara Karimli,