Date,Period,Class,Room,Teacher Asking Cover,Subject,Teacher Giving Cover
28/08/2023,P2,Y7,3.18,Fei Yang,Mandarin,Benjamin Araud
28/08/2023,P3,Y10,3.18,Fei Yang,Mandarin,Anna Sayiin
29/08/2023,P1,Y9,3.18,Fei Yang,Mandarin,Gary Matos
29/08/2023,P2,Y10,3.18,Fei Yang,Mandarin,Michael Saslawski
29/08/2023,P3,Y12,3.18,Fei Yang,Mandarin,Daniel Kekere
29/08/2023,P4,Y12,3.18,Fei Yang,Mandarin,Murat Sevencan
29/08/2023,P5,Y13,3.18,Fei Yang,Mandarin,Mostafa Louassini
29/08/2023,P6,Y13,3.18,Fei Yang,Mandarin,Dr Mary Limna Dcunha
30/08/2023,P4,Y12,3.18,Fei Yang,Mandarin,Domenico Galizia
30/08/2023,P5,Y9,3.18,Fei Yang,Mandarin,Davud Hydryov
31/08/2023,P3,Y11,3.18,Fei Yang,Mandarin,Murat Sevencan
31/08/2023,P4,Y7,3.18,Fei Yang,Mandarin,Benjamin Araud
31/08/2023,P5,Y8,3.18,Fei Yang,Mandarin,Thomas Jones-Parry
31/08/2023,P6,Y13,3.18,Fei Yang,Mandarin,Murat Kaya
01/09/2023,P1,Y12,3.18,Fei Yang,Mandarin,Julia Artamonova
01/09/2023,P3,Y13,3.18,Fei Yang,Mandarin,Emily Otieno
01/09/2023,P4,Y11,3.18,Fei Yang,Mandarin,Salma Shindy Sherif
01/09/2023,P5,Y8,3.18,Fei Yang,Mandarin,Sergey Alferov
07/09/2023,P3,Y11,3.18,Fei Yang,Mandarin,Murat Sevencan
07/09/2023,P4,Y7,3.18,Fei Yang,Mandarin,Benjamin Araud
07/09/2023,P5,Y8,3.18,Fei Yang,Mandarin,Thomas Jones-Parry
07/09/2023,P6,Y13,3.18,Fei Yang,Mandarin,Murat Kaya
14/09/2023,P3,8R,3.18,Thomas Jones-Parry,I&S,Anna Sayiin
14/09/2023,P6,10B,3.15,Thomas Jones-Parry,I&S,Emily Otieno
19/09/2023,P1,Y12,3.19R,Lilit Harutyunyan,English,Elena Kostyukhina
19/09/2023,P2,Y12,3.19R,Lilit Harutyunyan,English,Michael Saslawski
19/09/2023,P3,11R,3.20K,Lilit Harutyunyan,English,Audrey Oduor
19/09/2023,P2,Y13,3.07,Julia Artamonova,Art,Sara Karimli
19/09/2023,P3,Y13,3.07,Julia Artamonova,Art,Peter Geiger
19/09/2023,P4,Y10,3.07,Julia Artamonova,Art,Renata Orlandoni
19/09/2023,P6,8B,3.07,Julia Artamonova,Art,Gary Matos
26/09/2023,P5,Y8,3.22S,Murat Sevencan,Maths,Domenico Galizia
26/09/2023,P6,Y10,3.22S,Murat Sevencan,Maths,Patrick Kimuli
27/09/2023,P2,Y9,3.21B,Davud Hydryov,Maths,Kostas Mathioudakis
27/09/2023,P3,Y13,3.21B,Davud Hydryov,Maths,Murat Sevencan
27/09/2023,P4,Y13,3.21B,Davud Hydryov,Maths,Murat Kaya
27/09/2023,P5,Y12,3.20S,Davud Hydryov,Economics,Daniel Kekere
27/09/2023,P6,Y12,3.20S,Davud Hydryov,Economics,Kyriakos Tsafaras
28/09/2023,P2,Y9,3.21B,Davud Hydryov,Maths,Julia Artamonova
28/09/2023,P3,Y13,3.21B,Davud Hydryov,Maths,Mostafa Louassini
28/09/2023,P4,Y13,3.21B,Davud Hydryov,Maths,Patrick Kimuli
28/09/2023,P5,Y12,3.20S,Davud Hydryov,Maths,Emily Otieno
28/09/2023,P6,Y12,3.20S,Davud Hydryov,Maths,Sara Karimli
29/09/2023,P1,Y13,3.14,Davud Hydryov,Economics,Daniel Kekere
29/09/2023,P2,Y9,3.21B,Davud Hydryov,Maths,Audrey Oduor
29/09/2023,P5,Y12,3.20S,Davud Hydryov,Maths,Salma Shindy Sherif
29/09/2023,P6,Y12,3.20S,Davud Hydryov,Maths,Dr Mary Limna Dcunha
02/10/2023,P1,Y12,2.01,Renata Orlandoni,Music,Sara Karimli
02/10/2023,P5,Y10,2.01,Renata Orlandoni,Music,Peter Geiger
02/10/2023,P6,Y8,2.01,Renata Orlandoni,Music,Gary Matos
03/10/2023,P1,Y13,3.22K,Kostas Mathioudakis,Maths,Emily Otieno
03/10/2023,P2,Y11,3.22K,Kostas Mathioudakis,Maths,Daniel Kekere
03/10/2023,P5,Y12,3.31,Kostas Mathioudakis,Maths,Sergey Alferov
03/10/2023,P3,9R,3.20S,Elena Kostyukhina,English,Audrey Oduor
03/10/2023,P4,8B,3.20S,Elena Kostyukhina,English,Dr Mary Limna Dcunha
03/10/2023,P5,10R,3.20S,Elena Kostyukhina,English,Lilit Harutyunyan
03/10/2023,P6,8R,3.20S,Elena Kostyukhina,English,Svetlana Kivelidi
05/10/2023,P3,Y12,3.07,Julia Artamonova,Art,Sara Karimli
05/10/2023,P4,Y12,3.07,Julia Artamonova,Art,Renata Orlandoni
06/10/2023,P3,Y8,3.07,Julia Artamonova,Art,Emily Otieno
06/10/2023,P4,Y9,3.07,Julia Artamonova,Art,Michael Saslawski
06/10/2023,P6,Y13,3.07,Julia Artamonova,Art,Gary Matos
06/10/2023,P3,Y9,2.03,Sara Karimli,Art,Renata Orlandoni
09/10/2023,P3,Y10,3.29,Benjamin Araud,French,Lucas Marville
10/10/2023,P1,Y13,3.22K,Daniel Kekere,Maths,Murat Sevencan
10/10/2023,P5,Y8,3.22K,Daniel Kekere,Maths,Emily Otieno
10/10/2023,P6,Y9,3.22K,Daniel Kekere,Maths,Kostas Mathioudakis
11/10/2023,P3,Y8,3.22S,Daniel Kekere,Maths,Lucas Marville
11/10/2023,P4,Y9,3.22S,Daniel Kekere,Maths,Elena Kostyukhina
11/10/2023,P4,Y10,3.14,Emily Otieno,Maths,Patrick Kimuli
11/10/2023,P6,Y10,3.14,Emily Otieno,Physics,Michael Saslawski
12/10/2023,P1,Y12,3.31,Daniel Kekere,Maths,Benjamin Araud
12/10/2023,P2,Y9,3.19B,Daniel Kekere,Maths,Julia Artamonova
12/10/2023,P3,Y13,3.22S,Daniel Kekere,Maths,Nina Mamina
12/10/2023,P4,Y13,3.22S,Daniel Kekere,Maths,Murat Sevencan
12/10/2023,P6,Y8,3.22K,Daniel Kekere,Maths,Kyriakos Tsafaras
12/10/2023,P1,Y10,3.14,Emily Otieno,Physics,Fei Yang
12/10/2023,P2,Y10,3.22K,Emily Otieno,Maths,Laura Ruiz
12/10/2023,P3,Y12,3.14,Emily Otieno,Physics,Murat Kaya
12/10/2023,P4,Y12,3.14,Emily Otieno,Physics,Patrick Kimuli
12/10/2023,P6,Y11,3.11,Emily Otieno,Physics,Kostas Mathioudakis
13/10/2023,P1,Y11,3.11,Salma Shindy Sherif,Chemistry,Julia Artamonova
13/10/2023,P1,Y11,3.11,Emily Otieno,Physics,Svetlana Kivelidi
13/10/2023,P2,Y10,3.22K,Emily Otieno,Physics,Fei Yang
13/10/2023,P4,Y10,3.22K,Emily Otieno,Maths,Sergey Alferov
13/10/2023,P5,Y10,3.11,Emily Otieno,Physics,Varvara Romashova
13/10/2023,P6,Y13,3.14,Emily Otieno,Physics,Mostafa Louassini
13/10/2023,P2,Y9,3.22S,Daniel Kekere,Maths,Brendan Henderson
13/10/2023,P3,Y12,3.14,Daniel Kekere,Maths,Davud Hydryov
13/10/2023,P4,Y12,3.14,Daniel Kekere,Maths,Michael Saslawski
13/10/2023,P5,Y13,3.14,Daniel Kekere,Maths,Nina Mamina
13/10/2023,P6,Y8,3.21B,Daniel Kekere,Maths,David Haire
18/10/2023,P2,8B,3.15,Michael Saslawski,I&S,Mostafa Louassini
18/10/2023,P3,7B,3.16,Michael Saslawski,I&S,Patrick Kimuli
18/10/2023,P4,7R,3.16,Michael Saslawski,I&S,Sara Karimli
18/10/2023,P5,7R,3.20S,Michael Saslawski,English,Aaron Rodriguez
07/11/2023,P2,Y11,3.22s,Murat Sevencan,Maths,Daniel Kekere
07/11/2023,P4,Y7,3.22s,Murat Sevencan,Maths,Emily Otieno
07/11/2023,P5,Y8,3.22s,Murat Sevencan,Maths,Murat Kaya
07/11/2023,P6,Y10,3.22s,Murat Sevencan,Maths,Renata Orlandoni
07/11/2023,P5,Y10,2.01,Renata Orlandoni,Music,Emily Otieno
07/11/2023,P1,7R,3.20S,Michael Saslawski,English,Gary Matos
07/11/2023,P3,10R,3.16,Michael Saslawski,I&S,Daniel Kekere
07/11/2023,P5,9K,3.16,Michael Saslawski,I&S,Domenico Galizia
07/11/2023,P6,7B,3.15,Michael Saslawski,I&S,Dr Mary Limna Dcunha
08/11/2023,P5,Y12,3.14,Emily Otieno,Physics,Aaron Rodriguez
08/11/2023,P6,Y10,3.14,Emily Otieno,Physics,Davud Hydryov
09/11/2023,P1,Y10,3.14,Emily Otieno,Physics,Aytaj Hajizada
09/11/2023,P3,Y12,3.14,Emily Otieno,Physics,Murat Kaya
09/11/2023,P4,Y12,3.14,Emily Otieno,Physics,Mostafa Louassini
09/11/2023,P6,Y11,3.11,Emily Otieno,Physics,Kostas Mathioudakis
10/11/2023,P1,Y11,3.11,Emily Otieno,Physics,Julia Artamonova
10/11/2023,P2,Y10,3.22K,Emily Otieno,Physics,Lucas Marville
10/11/2023,P5,Y10,3.11,Emily Otieno,Physics,Murat Sevencan
10/11/2023,P1,Y11,2.03,Sara Karimli,Drama,Julia Artamonova
13/11/2023,P1,Y11,3.22K,Emily Otieno,Maths,Murat Kaya
13/11/2023,P3,,3.14,Emily Otieno,Physics,Renata Orlandoni
13/11/2023,P1,8B,3.10,Salma Shindy Sherif,Science,Laura Ruiz
13/11/2023,P5,9B,,Salma Shindy Sherif,Science,Benjamin Araud
13/11/2023,P6,8R,3.10,Salma Shindy Sherif,Science,Aaron Rodriguez
13/11/2023,P1,7B,3.17,Michael Saslawski,I&S,Aytaj Hajizada
13/11/2023,P3,9B,3.15,Michael Saslawski,I&S,Anna Sayiin
13/11/2023,P4,9K,3.16,Michael Saslawski,I&S,Dr Mary Limna Dcunha
13/11/2023,P5,7R,3.19B,Michael Saslawski,English,Daniel Kekere
13/11/2023,P6,10R,3.16,Michael Saslawski,I&S,Mostafa Louassini
17/11/2023,P1,Y7,3.22S,Murat Sevencan,Maths,Emily Otieno
17/11/2023,P4,Y10,3.22S,Murat Sevencan,Maths,Sergey Alferov
17/11/2023,P6,Y8,3.22K,Murat Sevencan,Maths,Laura Ruiz
20/11/2023,P1,Y11,2.01,Renata Orlandoni,Music,Laura Ruiz
20/11/2023,P5,Y10,2.01,Renata Orlandoni,Music,Peter Geiger
20/11/2023,P6,8B,2.01,Renata Orlandoni,Music,Gary Matos
28/11/2023,P1,10R,3.10,Murat Kaya,Chemistry,Murat Sevencan
28/11/2023,P2,Y13,3.10,Murat Kaya,Chemistry,Renata Orlandoni
28/11/2023,P3,Y13,3.10,Murat Kaya,Chemistry,Kostas Mathioudakis
28/11/2023,P6,Y13,3.10,Murat Kaya,Chemistry,Patrick Kimuli
28/11/2023,P2,8B,3.14,Salma Shindy Sherif,Chemistry,Mostafa Louassini
28/11/2023,P3,9B,3.14,Salma Shindy Sherif,Chemistry,Thomas Jones-Parry
28/11/2023,P4,Y11,3.10,Salma Shindy Sherif,Chemistry,Audrey Oduor
28/11/2023,P5,9R,3.10,Salma Shindy Sherif,Chemistry,Sergey Alferov
28/11/2023,P6,Y11,3.10,Salma Shindy Sherif,Chemistry,Svetlana Kivelidi
30/11/2023,P1,Y9,2.01,Renata Orlandoni,Music,Sergey Alferov
30/11/2023,P3,Y9,2.01,Renata Orlandoni,Music,Anna Sayiin
01/12/2023,P1,Y9,2.01,Renata Orlandoni,Music,Julia Artamonova
01/12/2023,P4,7R,2.01,Renata Orlandoni,Music,Davud Hydryov
01/12/2023,P6,7B,2.01,Renata Orlandoni,Music,Peter Geiger
01/12/2023,P2,Y10,3.10,Patrick Kimuli,Science,Kyriakos Tsafaras
01/12/2023,P6,7R,3.09,Patrick Kimuli,Science,Elena Kostyukhina
04/12/2023,P2,Y7,3.18,Fei Yang,Mandarin,Michael Saslawski
04/12/2023,P3,Y10,3.18,Fei Yang,Mandarin,Sara Karimli
04/12/2023,P3,Y10,3.29,Benjamin Araud,French,Renata Orlandoni
05/12/2023,P5,Y8,3.22K,Daniel Kekere,Maths,Domenico Galizia
05/12/2023,P6,Y9,3.22K,Daniel Kekere,Maths,Aaron Rodriguez
06/12/2023,P2,10R,3.20S,Elena Kostyukhina,English,Lilit Harutyunyan
06/12/2023,P3,9R,3.19B,Elena Kostyukhina,English,Aytaj Hajizada
06/12/2023,P5,8B,3.20K,Elena Kostyukhina,English,Svetlana Kivelidi
06/12/2023,P6,8R,3.19R,Elena Kostyukhina,English,Lucas Marville
06/12/2023,P2,Y11,3.07,Julia Artamonova,Art,Peter Geiger
06/12/2023,P3,Y10,3.07,Julia Artamonova,Art,Emily Otieno
06/12/2023,P4,Y11,3.07,Julia Artamonova,Art,Sara Karimli
06/12/2023,P6,9B,3.07,Julia Artamonova,Art,Davud Hydryov
07/12/2023,P1,9R,3.19B,Elena Kostyukhina,English,Benjamin Araud
07/12/2023,P3,8B,3.20K,Elena Kostyukhina,English,Nina Mamina
07/12/2023,P4,8R,3.19R,Elena Kostyukhina,English,Mostafa Louassini
07/12/2023,P6,10R,3.20S,Elena Kostyukhina,English,Kyriakos Tsafaras
08/12/2023,P1,10R,3.20S,Elena Kostyukhina,English,Lilit Harutyunyan
08/12/2023,P3,8B,3.20K,Elena Kostyukhina,English,Davud Hydryov
08/12/2023,P4,8R,3.19R,Elena Kostyukhina,English,Michael Saslawski
08/12/2023,P5,9R,3.19B,Elena Kostyukhina,English,Dr Mary Limna Dcunha
13/12/2023,P2,8B,3.15,Michael Saslawski,I&S,Domenico Galizia
13/12/2023,P3,7B,3.16,Michael Saslawski,I&S,Benjamin Araud
13/12/2023,P4,7R,3.16,Michael Saslawski,I&S,Svetlana Kivelidi
13/12/2023,P5,7R,3.20,Michael Saslawski,English,Sergey Alferov
14/12/2023,P2,7R,3.16,Michael Saslawski,I&S,Julia Artamonova
14/12/2023,P3,10R,3.16,Michael Saslawski,I&S,Mostafa Louassini
14/12/2023,P4,8B,3.16,Michael Saslawski,I&S,Murat Kaya
14/12/2023,P5,9B,3.15,Michael Saslawski,I&S,Svetlana Kivelidi
14/12/2023,P6,7R,3.20S,Michael Saslawski,English,Emily Otieno
14/01/2023,P2,8S,3.07,Peter Geiger,Art,Julia Artamonova
10/01/2024,P6,Y11,3.14,Emily Otieno,Science,Elena Sukhova
19/01/2024,P2,7B,3.07,Peter Geiger,Art,Julia Artamonova
19/01/2024,P3,7R,3.07,Peter Geiger,Art,Sara Karimli
19/01/2024,P4,9E,3.18,Peter Geiger,Art,Mostafa Louassini
22/01/2024,P5,Y9,3.18,Fei Yang,Mandarin,Gary Matos
22/01/2024,P6,Y7,3.18,Fei Yang,Mandarin,Benjamin Araud
22/01/2024,P1,Y10,3.11,Salma Shindy Sherif,Science,Davud Hydryov
22/01/2024,P2,Y11,3.11,Salma Shindy Sherif,Science,Domenico Galizia
22/01/2024,P3,9B,3.10,Salma Shindy Sherif,Science,Laura Ruiz
22/01/2024,P6,Y11,3.10,Salma Shindy Sherif,Science,Nina Mamina
22/01/2024,P3,9K,2.13,Anna Sayiin,Russian,Sergey Alferov
22/01/2024,P1,Y11,3.07,Julia Artamonova,Art,Michael Saslawski
22/01/2024,P2,9R,3.07,Julia Artamonova,Art,Emily Otieno
22/01/2024,P3,Y10,3.07,Julia Artamonova,Art,Elena Kostyukhina
22/01/2024,P6,Y8B,2.01,Renata Orlandoni,Music,Peter Geiger
24/01/2024,P3,9R,2.14,Anna Sayiin,Russian,Sara Karimli
26/01/2024,P1,Y11,3.17,Varvara Romashova,Russian,Gary Matos
26/01/2024,P4,7B,2.03,Sara Karimli,Drama,Mostafa Louassini
26/01/2024,P6,Y10,2.03,Sara Karimli,Drama,Nina Mamina
29/01/2024,P1,Y12,2.12,Dr Mary Limna Dcunha,TOK,Varvara Romashova
29/01/2024,P6,Y10,3.19R,Dr Mary Limna Dcunha,English,Gary Matos
07/02/2024,P3,9R,2.14,Anna Sayiin,Russian,Nina Mamina
09/02/2024,P1,Y11,2.14,Anna Sayiin,Russian,Gary Matos
09/02/2024,P5,9R,2.14,Anna Sayiin,Russian,Emily Otieno
09/02/2024,P6,8R,2.14,Anna Sayiin,Russian,Elena Kostyukhina
16/02/2024,P2,8B,3.15,Michael Saslawski,I&S,Aytaj Hajizada
16/02/2024,P3,7B,3.15,Michael Saslawski,I&S,Benjamin Araud
16/02/2024,P5,7R,3.15,Michael Saslawski,I&S,Fei Yang
26/02/2024,P1,Y10,3.20S,Dr Mary Limna Dcunha,English,Benjamin Araud
27/02/2024,P3,Y9,3.22S,Kostas Mathioudakis,Maths,Sara Karimli
28/02/2024,P5,Y7,SWP,Dunja Antic,PE,Salma Shindy Sherif
28/02/2024,P4,Y10,2.01,Renata Orlandoni,Music,Sergey Alferov
28/02/2024,P6,Y11,2.01,Renata Orlandoni,Music,Laura Ruiz
28/02/2024,P2,11R,3.19B,Lilit Harutyunyan,English,Kyriakos Tsafaras
28/02/2024,P3,Y11,KEY,Lilit Harutyunyan,English,Aleksey Khodyka
28/02/2024,P6,9K,3.19R,Lilit Harutyunyan,English,Michael Saslawski
29/02/2024,P1,9K,3.07,Julia Artamonova,Art,Sara Karimli
29/02/2024,P2,8B,3.07,Julia Artamonova,Art,Varvara Romashova
29/02/2024,P3,Y7,MSH,Dunja Antic,PE,Mostafa Louassini
01/03/2024,P1,Y7,SWP,Dunja Antic,PE,David Haire
01/03/2024,P4,11R,SH,Dunja Antic,PE,David Haire
01/03/2024,P2,9K,3.07,Julia Artamonova,Art,Varvara Romashova
01/03/2024,P4,9B,3.07,Julia Artamonova,Art,Renata Orlandoni
01/03/2024,P6,8B,3.07,Julia Artamonova,Art,Peter Geiger
05/03/2024,P2,Y10,3.20S,Dr Mary Limna Dcunha,English,Thomas Jones-Parry
11/03/2024,P1,,3.17,Mr Vuk,English,Gary Matos
13/03/2024,P2,10R,3.16,Sergey Alferov,I&S,Davud Hydryov
13/03/2024,P4,Y10,2.01,Renata Orlandoni,Music,Sara Karimli
13/03/2024,P6,Y10,2.01,Renata Orlandoni,Music,Lucas Marville
14/03/2024,P6,Y7,3 21R,Kyriakos Tsafaras,Maths,Julia Artamonova
14/03/2024,P1,Y8,2.01,Renata Orlandoni,Music,Domenico Galizia
14/03/2024,P2,7R,2.01,Renata Orlandoni,Music,Gary Matos
15/03/2024,P6,,KC,Mr Vuk,English,Audrey Oduor
15/03/2024,P2,Y11,3.21R,Kyriakos Tsafaras,Maths,Salma Shindy Sherif
15/03/2024,P5,Y7,3.21R,Kyriakos Tsafaras,Maths,Fei Yang
15/03/2024,P6,Y10,3.21R,Kyriakos Tsafaras,Maths,Renata Orlandoni
18/03/2024,P2,Y7,3.21R,Kyriakos Tsafaras,Maths,Aytaj Hajizada
18/03/2024,P3,Y10,3.21R,Kyriakos Tsafaras,Maths,Laura Ruiz
18/03/2024,P4,Y11,3.21R,Kyriakos Tsafaras,Maths,Salma Shindy Sherif
20/03/2024,P2,Y10,SH,Honey Bathia,PE,Peter Geiger
20/03/2024,P4,Y11,LIB,Honey Bathia,PE,Sara Karimli
20/03/2024,P5,Y7,SH,Honey Bathia,PE,Salma Shindy Sherif
22/03/2024,P3,Y10,3.10,Aleksey Khodyka,Science,Murat Kaya
22/03/2024,P2,Y8,3.19B,Aytaj Hajizada,Spanish,Salma Shindy Sherif
01/04/2024,P3,11R,3.09,Emily Otieno,Physics,Fei Yang
01/04/2024,P4,11R,3.21B,Emily Otieno,Maths,Michael Saslawski
01/04/2024,P5,10R,3.09,Emily Otieno,Physics,Mostafa Louassini
05/04/2024,P3,Y10,3.10,Aleksey Khodyka,ESS,Julia Artamonova
08/04/2024,P5,Y11,3.19R,Audrey Oduor,English,Julia Artamonova
09/04/2024,P3,Y11,3.19R,Audrey Oduor,English,Gary Matos
09/04/2024,P1,Y11,2.03,Sara Karimli,Art,Michael Saslawski
09/04/2024,P4,7R,2.03,Sara Karimli,Art,Dr Mary Limna Dcunha
10/04/2024,P2,Y11,3.19R,Audrey Oduor,English,Davud Hydryov
10/04/2024,P4,Y7,2.14,Anna Sayiin,Russian,Sara Karimli
10/04/2024,P5,Y8,2.14,Anna Sayiin,Russian,Aaron Rodriguez
10/04/2024,P6,Y10,2.12,Anna Sayiin,Russian,Aleksey Khodyka
10/04/2025,P5,Y11RB,3.21B,Emily Otieno,Maths,Kostas Mathioudakis
10/04/2025,P6,Y11,3.09,Emily Otieno,Physics,Aleksey Khodyka
11/04/2024,P2,Y11,3.21B,Emily Otieno,Maths,Davud Hydryov
11/04/2024,P6,Y10,3.10,Emily Otieno,Maths,Julia Artamonova
12/04/2024,P4,Y7,2.13,Nina Mamina,Russian,Mostafa Louassini
12/04/2024,P5,Y9,2.13,Nina Mamina,Russian,Fei Yang
12/04/2024,P2,Y11,3.21B,Emily Otieno,Maths,Sara Karimli
12/04/2024,P4,Y10,3.10,Emily Otieno,Physics,Michael Saslawski
18/04/2024,P2,Y7,3.19B,Elena Kostyukhina,English,Davud Hydryov
18/04/2024,P3,Y10,3.20K,Elena Kostyukhina,English,Audrey Oduor
18/04/2024,P4,Y9,3.20K,Elena Kostyukhina,English,Nina Mamina
18/04/2024,P5,Y8,3.20K,Elena Kostyukhina,English,Svetlana Kivelidi
18/04/2024,P1,Y8,2.01,Renata Orlandoni,Music,Domenico Galizia
18/04/2024,P2,Y7,2.01,Renata Orlandoni,Music,Peter Geiger
19/04/2024,P4,Y7,2.13,Nina Mamina,Russian,Aleksey Khodyka
19/04/2024,P5,Y9,2.13,Nina Mamina,Russian,Emily Otieno
22/04/2024,P1,Y10,3.20K,Elena Kostyukhina,English,Gary Matos
22/04/2024,P2,Y8,3.20K,Elena Kostyukhina,English,Aytaj Hajizada
22/04/2024,P4,Y7,3.20K,Elena Kostyukhina,English,Dr Mary Limna Dcunha
22/04/2024,P6,Y9,3.20K,Elena Kostyukhina,English,Audrey Oduor
22/04/2024,P1,,3.17,Mr Vuk,English,Lilit Harutyunyan
22/04/2024,P4,Y9,3.29,Benjamin Araud,French,Julia Artamonova
23/04/2024,P2,Y10,3.20K,Elena Kostyukhina,English,Audrey Oduor
23/04/2024,P4,Y7,3.20K,Elena Kostyukhina,English,Audrey Oduor
23/04/2024,P5,Y9,3.20K,Elena Kostyukhina,English,Sara Karimli
23/04/2024,P6,Y7,3.20K,Elena Kostyukhina,English,Gary Matos
24/04/2024,P2,Y7,3.20K,Elena Kostyukhina,English,Dr Mary Limna Dcunha
24/04/2024,P3,Y8,3.20K,Elena Kostyukhina,English,Audrey Oduor
24/04/2024,P5,Y10,3.20K,Elena Kostyukhina,English,Benjamin Araud
24/04/2024,P6,Y9,3.20K,Elena Kostyukhina,English,Michael Saslawski
25/04/2024,P2,Y7,3.20K,Elena Kostyukhina,English,Audrey Oduor
25/04/2024,P3,Y10,3.20K,Elena Kostyukhina,English,Mostafa Louassini
25/04/2024,P4,Y9,3.20K,Elena Kostyukhina,English,Sara Karimli
25/04/2024,P5,Y8,3.20K,Elena Kostyukhina,English,Julia Artamonova
25/04/2024,P6,Y12,3.14,Maria Metrokhina,Economics,Davud Hydryov
26/04/2024,P1,Y10,Lib,Elena Kostyukhina,English,Michael Saslawski
26/04/2024,P2,Y7,3.20K,Elena Kostyukhina,English,Aleksey Khodyka
26/04/2024,P3,Y8,3.20K,Elena Kostyukhina,English,Lilit Harutyunyan
26/04/2024,P6,Y9,3.20K,Elena Kostyukhina,English,Nina Mamina
26/04/2024,P1,Y8,3.22K,Murat Sevencan,Maths,Emily Otieno
26/04/2024,P2,Y11,3.22K,Murat Sevencan,Maths,Murat Kaya
26/04/2024,P5,Y7,3.22K,Murat Sevencan,Maths,Davud Hydryov
26/04/2024,P6,Y10,3.22K,Murat Sevencan,Maths,Benjamin Araud
22/05/2024,P4,Y10,3.07,Julia Artamonova,Art,Sara Karimli
22/05/2024,P5,Y9,3.07,Julia Artamonova,Art,Renata Orlandoni
22/05/2024,P6,Y11,3.07,Julia Artamonova,Art,Murat Kaya
23/05/2024,P1,Y9,3.07,Julia Artamonova,Art,Emily Otieno
23/05/2024,P2,Y8,3.07,Julia Artamonova,Art,Davud Hydryov
23/05/2024,P2,9B,3.15,Michael Saslawski,I&S,Audrey Oduor
23/05/2024,P3,9K,3.15,Michael Saslawski,I&S,Domenico Galizia
23/05/2024,P4,7R,3.15,Michael Saslawski,I&S,Renata Orlandoni
23/05/2024,P5,7R,3.15,Michael Saslawski,I&S,Murat Sevencan
24/05/2024,P1,Y9,2.14,Aytaj Hajizada,Spanish,Michael Saslawski
24/05/2024,P2,Y8,3.19B,Aytaj Hajizada,Spanish,Davud Hydryov
24/05/2024,P2,Y9,3.07,Julia Artamonova,Art,Sara Karimli
24/05/2024,P4,Y9,3.07,Julia Artamonova,Art,Laura Ruiz
24/05/2024,P6,Y8,3.07,Julia Artamonova,Art,Nina Mamina
27/05/2024,P4,Y9,3.18,Fei Yang,Mandarin,Sara Karimli
27/05/2024,P5,Y10,3.09,Emily Otieno,Psichology,Svetlana Kivelidi
29/05/2024,P4,Y9,3.22K,Craig Campion,Maths,Kyriakos Tsafaras
29/05/2024,P4,Y7,2.14,Anna Sayiin,Russian,Benjamin Araud
29/05/2024,P5,Y8,2.14,Anna Sayiin,Russian,Salma Shindy Sherif
29/05/2024,P6,Y10,2.12,Anna Sayiin,Russian,Lucas Marville
31/05/2024,P1,Y10,3.20S,Dr Mary Limna Dcunha,English,Audrey Oduor
03/06/2024,P5,Y10,3.09,Emily Otieno,Physics,Kyriakos Tsafaras
03/06/2024,P1,7B,3.07,Peter Geiger,Art,Julia Artamonova
03/06/2024,P5,7R,3.07,Peter Geiger,Art,Julia Artamonova
03/06/2024,P6,10B,3.07,Peter Geiger,Art,Julia Artamonova
04/06/2024,P1,10B,3.07,Peter Geiger,Art,Julia Artamonova
04/06/2024,P1,Y9,2.13,Nina Mamina,Russian,Benjamin Araud
04/06/2024,P4,Y9,2.13,Nina Mamina,Russian,Emily Otieno
04/06/2024,P5,au,2.13,Nina Mamina,Russian,Audrey Oduor
05/06/2024,P4,10B,3.07,Peter Geiger,Art,Julia Artamonova
06/06/2024,P3,Y9,3.18,Peter Geiger,Art,Julia Artamonova
06/06/2024,P5,Y7,3.07,Peter Geiger,Art,Julia Artamonova
06/06/2024,P6,Y8,3.07,Peter Geiger,Art,Julia Artamonova
07/06/2024,P3,Y7,3.07,Peter Geiger,Art,Julia Artamonova
07/06/2024,P4,Y9,3.18,Peter Geiger,Art,Laura Ruiz
07/06/2024,P5,Y8,3.07,Peter Geiger,Art,Julia Artamonova
07/06/2024,P2,Y7,3.15,Michael Saslawski,I&S,Davud Hydryov
07/06/2024,P3,Y7,3.15,Michael Saslawski,I&S,Murat Sevencan
07/06/2024,P5,Y8,3.15,Michael Saslawski,I&S,Sergey Alferov
07/06/2024,P6,Y7,3.15,Michael Saslawski,I&S,Dr Mary Limna Dcunha
10/06/2024,P1,7B,3.07,Peter Geiger,Art,Julia Artamonova
10/06/2024,P5,7R,3.07,Peter Geiger,Art,Julia Artamonova
10/06/2024,P6,10B,3.07,Peter Geiger,Art,Julia Artamonova
11/06/2024,P1,10B,3.07,Peter Geiger,Art,Julia Artamonova
11/06/2024,P1,Y9,2.13,Nina Mamina,Russian,Benjamin Araud
11/06/2024,P4,Y9,2.13,Nina Mamina,Russian,Sergey Alferov
11/06/2024,P5,Y10,2.13,Nina Mamina,Russian,Varvara Romashova
11/06/2024,P2,9K,3.11,Salma Shindy Sherif,Science,Emily Otieno
11/06/2024,P3,8B,3.11,Salma Shindy Sherif,Science,Dr Mary Limna Dcunha
11/06/2024,P4,Y10,3.11,Salma Shindy Sherif,Science,Audrey Oduor
11/06/2024,P6,8R,3.09,Salma Shindy Sherif,Science,Sara Karimli
13/06/2024,P3,Y9,3.18,Peter Geiger,Art,Julia Artamonova
13/06/2024,P5,Y7,3.07,Peter Geiger,Art,Julia Artamonova
13/06/2024,P6,Y8,3.07,Peter Geiger,Art,Julia Artamonova
14/06/2024,P3,Y7,3.07,Peter Geiger,Art,Julia Artamonova
14/06/2024,P4,Y9,3.18,Peter Geiger,Art,Laura Ruiz
14/06/2024,P5,Y8,3.07,Peter Geiger,Art,Julia Artamonova
14/06/2024,P5,Y9,2.14,Anna Sayiin,Russian,Emily Otieno
17/06/2024,P6,Y9,3.19,Lilit Harutyunyan,English,Sergey Alferov
25/06/2024,P1,Y9,2.14,Anna Sayiin,Russian,Nina Mamina
25/06/2024,P4,Y10,2.14,Anna Sayiin,Russian,Murat Sevencan
25/06/2024,P6,Y9,2.14,Anna Sayiin,Russian,Davud Hydryov
25/06/2024,P2,Y7,3.15,Michael Saslawski,English,Daniel Kekere
25/06/2024,P3,Y7,3.15,Michael Saslawski,I&S,Thomas Jones-Parry
25/06/2024,P4,Y8,3.15,Michael Saslawski,I&S,Sergey Alferov
25/06/2024,P6,Y9,3.15,Michael Saslawski,I&S,Sara Karimli
