DateCover,YearCover,MonthCover,DayCover,DayOfWeekCover,WeekCover,Period,TeacherAskingCover,TeacherGivingCover
2023-01-14,2023,01,14,Saturday,02,P2,"Peter Geiger","Julia Artamonova"
2023-08-28,2023,08,28,Monday,35,P2,"Fei Yang","Benjamin Araud"
2023-08-28,2023,08,28,Monday,35,P3,"Fei Yang","Anna Sayiin"
2023-08-29,2023,08,29,Tuesday,35,P1,"Fei Yang","Gary Matos"
2023-08-29,2023,08,29,Tuesday,35,P2,"Fei Yang","Michael Saslawski"
2023-08-29,2023,08,29,Tuesday,35,P3,"Fei Yang","Daniel Kekere"
2023-08-29,2023,08,29,Tuesday,35,P4,"Fei Yang","Murat Sevencan"
2023-08-29,2023,08,29,Tuesday,35,P5,"Fei Yang","Mostafa Louassini"
2023-08-29,2023,08,29,Tuesday,35,P6,"Fei Yang","Dr Mary Limna Dcunha"
2023-08-30,2023,08,30,Wednesday,35,P4,"Fei Yang","Domenico Galizia"
2023-08-30,2023,08,30,Wednesday,35,P5,"Fei Yang","Davud Hydryov"
2023-08-31,2023,08,31,Thursday,35,P3,"Fei Yang","Murat Sevencan"
2023-08-31,2023,08,31,Thursday,35,P4,"Fei Yang","Benjamin Araud"
2023-08-31,2023,08,31,Thursday,35,P5,"Fei Yang","Thomas Jones-Parry"
2023-08-31,2023,08,31,Thursday,35,P6,"Fei Yang","Murat Kaya"
2023-09-01,2023,09,01,Friday,35,P1,"Fei Yang","Julia Artamonova"
2023-09-01,2023,09,01,Friday,35,P3,"Fei Yang","Emily Otieno"
2023-09-01,2023,09,01,Friday,35,P4,"Fei Yang","Salma Shindy Sherif"
2023-09-01,2023,09,01,Friday,35,P5,"Fei Yang","Sergey Alferov"
2023-09-07,2023,09,07,Thursday,36,P3,"Fei Yang","Murat Sevencan"
2023-09-07,2023,09,07,Thursday,36,P4,"Fei Yang","Benjamin Araud"
2023-09-07,2023,09,07,Thursday,36,P5,"Fei Yang","Thomas Jones-Parry"
2023-09-07,2023,09,07,Thursday,36,P6,"Fei Yang","Murat Kaya"
2023-09-14,2023,09,14,Thursday,37,P3,"Thomas Jones-Parry","Anna Sayiin"
2023-09-14,2023,09,14,Thursday,37,P6,"Thomas Jones-Parry","Emily Otieno"
2023-09-19,2023,09,19,Tuesday,38,P1,"Lilit Harutyunyan","Elena Kostyukhina"
2023-09-19,2023,09,19,Tuesday,38,P2,"Julia Artamonova","Sara Karimli"
2023-09-19,2023,09,19,Tuesday,38,P2,"Lilit Harutyunyan","Michael Saslawski"
2023-09-19,2023,09,19,Tuesday,38,P3,"Julia Artamonova","Peter Geiger"
2023-09-19,2023,09,19,Tuesday,38,P3,"Lilit Harutyunyan","Audrey Oduor"
2023-09-19,2023,09,19,Tuesday,38,P4,"Julia Artamonova","Renata Orlandoni"
2023-09-19,2023,09,19,Tuesday,38,P6,"Julia Artamonova","Gary Matos"
2023-09-26,2023,09,26,Tuesday,39,P5,"Murat Sevencan","Domenico Galizia"
2023-09-26,2023,09,26,Tuesday,39,P6,"Murat Sevencan","Patrick Kimuli"
2023-09-27,2023,09,27,Wednesday,39,P2,"Davud Hydryov","Kostas Mathioudakis"
2023-09-27,2023,09,27,Wednesday,39,P3,"Davud Hydryov","Murat Sevencan"
2023-09-27,2023,09,27,Wednesday,39,P4,"Davud Hydryov","Murat Kaya"
2023-09-27,2023,09,27,Wednesday,39,P5,"Davud Hydryov","Daniel Kekere"
2023-09-27,2023,09,27,Wednesday,39,P6,"Davud Hydryov","Kyriakos Tsafaras"
2023-09-28,2023,09,28,Thursday,39,P2,"Davud Hydryov","Julia Artamonova"
2023-09-28,2023,09,28,Thursday,39,P3,"Davud Hydryov","Mostafa Louassini"
2023-09-28,2023,09,28,Thursday,39,P4,"Davud Hydryov","Patrick Kimuli"
2023-09-28,2023,09,28,Thursday,39,P5,"Davud Hydryov","Emily Otieno"
2023-09-28,2023,09,28,Thursday,39,P6,"Davud Hydryov","Sara Karimli"
2023-09-29,2023,09,29,Friday,39,P1,"Davud Hydryov","Daniel Kekere"
2023-09-29,2023,09,29,Friday,39,P2,"Davud Hydryov","Audrey Oduor"
2023-09-29,2023,09,29,Friday,39,P5,"Davud Hydryov","Salma Shindy Sherif"
2023-09-29,2023,09,29,Friday,39,P6,"Davud Hydryov","Dr Mary Limna Dcunha"
2023-10-02,2023,10,02,Monday,40,P1,"Renata Orlandoni","Sara Karimli"
2023-10-02,2023,10,02,Monday,40,P5,"Renata Orlandoni","Peter Geiger"
2023-10-02,2023,10,02,Monday,40,P6,"Renata Orlandoni","Gary Matos"
2023-10-03,2023,10,03,Tuesday,40,P1,"Kostas Mathioudakis","Emily Otieno"
2023-10-03,2023,10,03,Tuesday,40,P2,"Kostas Mathioudakis","Daniel Kekere"
2023-10-03,2023,10,03,Tuesday,40,P3,"Elena Kostyukhina","Audrey Oduor"
2023-10-03,2023,10,03,Tuesday,40,P4,"Elena Kostyukhina","Dr Mary Limna Dcunha"
2023-10-03,2023,10,03,Tuesday,40,P5,"Elena Kostyukhina","Lilit Harutyunyan"
2023-10-03,2023,10,03,Tuesday,40,P5,"Kostas Mathioudakis","Sergey Alferov"
2023-10-03,2023,10,03,Tuesday,40,P6,"Elena Kostyukhina","Svetlana Kivelidi"
2023-10-05,2023,10,05,Thursday,40,P3,"Julia Artamonova","Sara Karimli"
2023-10-05,2023,10,05,Thursday,40,P4,"Julia Artamonova","Renata Orlandoni"
2023-10-06,2023,10,06,Friday,40,P3,"Julia Artamonova","Emily Otieno"
2023-10-06,2023,10,06,Friday,40,P3,"Sara Karimli","Renata Orlandoni"
2023-10-06,2023,10,06,Friday,40,P4,"Julia Artamonova","Michael Saslawski"
2023-10-06,2023,10,06,Friday,40,P6,"Julia Artamonova","Gary Matos"
2023-10-09,2023,10,09,Monday,41,P3,"Benjamin Araud","Lucas Marville"
2023-10-10,2023,10,10,Tuesday,41,P1,"Daniel Kekere","Murat Sevencan"
2023-10-10,2023,10,10,Tuesday,41,P5,"Daniel Kekere","Emily Otieno"
2023-10-10,2023,10,10,Tuesday,41,P6,"Daniel Kekere","Kostas Mathioudakis"
2023-10-11,2023,10,11,Wednesday,41,P3,"Daniel Kekere","Lucas Marville"
2023-10-11,2023,10,11,Wednesday,41,P4,"Daniel Kekere","Elena Kostyukhina"
2023-10-11,2023,10,11,Wednesday,41,P4,"Emily Otieno","Patrick Kimuli"
2023-10-11,2023,10,11,Wednesday,41,P6,"Emily Otieno","Michael Saslawski"
2023-10-12,2023,10,12,Thursday,41,P1,"Daniel Kekere","Benjamin Araud"
2023-10-12,2023,10,12,Thursday,41,P1,"Emily Otieno","Fei Yang"
2023-10-12,2023,10,12,Thursday,41,P2,"Daniel Kekere","Julia Artamonova"
2023-10-12,2023,10,12,Thursday,41,P2,"Emily Otieno","Laura Ruiz"
2023-10-12,2023,10,12,Thursday,41,P3,"Daniel Kekere","Nina Mamina"
2023-10-12,2023,10,12,Thursday,41,P3,"Emily Otieno","Murat Kaya"
2023-10-12,2023,10,12,Thursday,41,P4,"Daniel Kekere","Murat Sevencan"
2023-10-12,2023,10,12,Thursday,41,P4,"Emily Otieno","Patrick Kimuli"
2023-10-12,2023,10,12,Thursday,41,P6,"Daniel Kekere","Kyriakos Tsafaras"
2023-10-12,2023,10,12,Thursday,41,P6,"Emily Otieno","Kostas Mathioudakis"
2023-10-13,2023,10,13,Friday,41,P1,"Emily Otieno","Svetlana Kivelidi"
2023-10-13,2023,10,13,Friday,41,P1,"Salma Shindy Sherif","Julia Artamonova"
2023-10-13,2023,10,13,Friday,41,P2,"Daniel Kekere","Brendan Henderson"
2023-10-13,2023,10,13,Friday,41,P2,"Emily Otieno","Fei Yang"
2023-10-13,2023,10,13,Friday,41,P3,"Daniel Kekere","Davud Hydryov"
2023-10-13,2023,10,13,Friday,41,P4,"Daniel Kekere","Michael Saslawski"
2023-10-13,2023,10,13,Friday,41,P4,"Emily Otieno","Sergey Alferov"
2023-10-13,2023,10,13,Friday,41,P5,"Daniel Kekere","Nina Mamina"
2023-10-13,2023,10,13,Friday,41,P5,"Emily Otieno","Varvara Romashova"
2023-10-13,2023,10,13,Friday,41,P6,"Daniel Kekere","David Haire"
2023-10-13,2023,10,13,Friday,41,P6,"Emily Otieno","Mostafa Louassini"
2023-10-18,2023,10,18,Wednesday,42,P2,"Michael Saslawski","Mostafa Louassini"
2023-10-18,2023,10,18,Wednesday,42,P3,"Michael Saslawski","Patrick Kimuli"
2023-10-18,2023,10,18,Wednesday,42,P4,"Michael Saslawski","Sara Karimli"
2023-10-18,2023,10,18,Wednesday,42,P5,"Michael Saslawski","Aaron Rodriguez"
2023-11-07,2023,11,07,Tuesday,45,P1,"Michael Saslawski","Gary Matos"
2023-11-07,2023,11,07,Tuesday,45,P2,"Murat Sevencan","Daniel Kekere"
2023-11-07,2023,11,07,Tuesday,45,P3,"Michael Saslawski","Daniel Kekere"
2023-11-07,2023,11,07,Tuesday,45,P4,"Murat Sevencan","Emily Otieno"
2023-11-07,2023,11,07,Tuesday,45,P5,"Michael Saslawski","Domenico Galizia"
2023-11-07,2023,11,07,Tuesday,45,P5,"Murat Sevencan","Murat Kaya"
2023-11-07,2023,11,07,Tuesday,45,P5,"Renata Orlandoni","Emily Otieno"
2023-11-07,2023,11,07,Tuesday,45,P6,"Michael Saslawski","Dr Mary Limna Dcunha"
2023-11-07,2023,11,07,Tuesday,45,P6,"Murat Sevencan","Renata Orlandoni"
2023-11-08,2023,11,08,Wednesday,45,P5,"Emily Otieno","Aaron Rodriguez"
2023-11-08,2023,11,08,Wednesday,45,P6,"Emily Otieno","Davud Hydryov"
2023-11-09,2023,11,09,Thursday,45,P1,"Emily Otieno","Aytaj Hajizada"
2023-11-09,2023,11,09,Thursday,45,P3,"Emily Otieno","Murat Kaya"
2023-11-09,2023,11,09,Thursday,45,P4,"Emily Otieno","Mostafa Louassini"
2023-11-09,2023,11,09,Thursday,45,P6,"Emily Otieno","Kostas Mathioudakis"
2023-11-10,2023,11,10,Friday,45,P1,"Emily Otieno","Julia Artamonova"
2023-11-10,2023,11,10,Friday,45,P1,"Sara Karimli","Julia Artamonova"
2023-11-10,2023,11,10,Friday,45,P2,"Emily Otieno","Lucas Marville"
2023-11-10,2023,11,10,Friday,45,P5,"Emily Otieno","Murat Sevencan"
2023-11-13,2023,11,13,Monday,46,P1,"Emily Otieno","Murat Kaya"
2023-11-13,2023,11,13,Monday,46,P1,"Michael Saslawski","Aytaj Hajizada"
2023-11-13,2023,11,13,Monday,46,P1,"Salma Shindy Sherif","Laura Ruiz"
2023-11-13,2023,11,13,Monday,46,P3,"Emily Otieno","Renata Orlandoni"
2023-11-13,2023,11,13,Monday,46,P3,"Michael Saslawski","Anna Sayiin"
2023-11-13,2023,11,13,Monday,46,P4,"Michael Saslawski","Dr Mary Limna Dcunha"
2023-11-13,2023,11,13,Monday,46,P5,"Michael Saslawski","Daniel Kekere"
2023-11-13,2023,11,13,Monday,46,P5,"Salma Shindy Sherif","Benjamin Araud"
2023-11-13,2023,11,13,Monday,46,P6,"Michael Saslawski","Mostafa Louassini"
2023-11-13,2023,11,13,Monday,46,P6,"Salma Shindy Sherif","Aaron Rodriguez"
2023-11-17,2023,11,17,Friday,46,P1,"Murat Sevencan","Emily Otieno"
2023-11-17,2023,11,17,Friday,46,P4,"Murat Sevencan","Sergey Alferov"
2023-11-17,2023,11,17,Friday,46,P6,"Murat Sevencan","Laura Ruiz"
2023-11-20,2023,11,20,Monday,47,P1,"Renata Orlandoni","Laura Ruiz"
2023-11-20,2023,11,20,Monday,47,P5,"Renata Orlandoni","Peter Geiger"
2023-11-20,2023,11,20,Monday,47,P6,"Renata Orlandoni","Gary Matos"
2023-11-28,2023,11,28,Tuesday,48,P1,"Murat Kaya","Murat Sevencan"
2023-11-28,2023,11,28,Tuesday,48,P2,"Murat Kaya","Renata Orlandoni"
2023-11-28,2023,11,28,Tuesday,48,P2,"Salma Shindy Sherif","Mostafa Louassini"
2023-11-28,2023,11,28,Tuesday,48,P3,"Murat Kaya","Kostas Mathioudakis"
2023-11-28,2023,11,28,Tuesday,48,P3,"Salma Shindy Sherif","Thomas Jones-Parry"
2023-11-28,2023,11,28,Tuesday,48,P4,"Salma Shindy Sherif","Audrey Oduor"
2023-11-28,2023,11,28,Tuesday,48,P5,"Salma Shindy Sherif","Sergey Alferov"
2023-11-28,2023,11,28,Tuesday,48,P6,"Murat Kaya","Patrick Kimuli"
2023-11-28,2023,11,28,Tuesday,48,P6,"Salma Shindy Sherif","Svetlana Kivelidi"
2023-11-30,2023,11,30,Thursday,48,P1,"Renata Orlandoni","Sergey Alferov"
2023-11-30,2023,11,30,Thursday,48,P3,"Renata Orlandoni","Anna Sayiin"
2023-12-01,2023,12,01,Friday,48,P1,"Renata Orlandoni","Julia Artamonova"
2023-12-01,2023,12,01,Friday,48,P2,"Patrick Kimuli","Kyriakos Tsafaras"
2023-12-01,2023,12,01,Friday,48,P4,"Renata Orlandoni","Davud Hydryov"
2023-12-01,2023,12,01,Friday,48,P6,"Patrick Kimuli","Elena Kostyukhina"
2023-12-01,2023,12,01,Friday,48,P6,"Renata Orlandoni","Peter Geiger"
2023-12-04,2023,12,04,Monday,49,P2,"Fei Yang","Michael Saslawski"
2023-12-04,2023,12,04,Monday,49,P3,"Benjamin Araud","Renata Orlandoni"
2023-12-04,2023,12,04,Monday,49,P3,"Fei Yang","Sara Karimli"
2023-12-05,2023,12,05,Tuesday,49,P5,"Daniel Kekere","Domenico Galizia"
2023-12-05,2023,12,05,Tuesday,49,P6,"Daniel Kekere","Aaron Rodriguez"
2023-12-06,2023,12,06,Wednesday,49,P2,"Elena Kostyukhina","Lilit Harutyunyan"
2023-12-06,2023,12,06,Wednesday,49,P2,"Julia Artamonova","Peter Geiger"
2023-12-06,2023,12,06,Wednesday,49,P3,"Elena Kostyukhina","Aytaj Hajizada"
2023-12-06,2023,12,06,Wednesday,49,P3,"Julia Artamonova","Emily Otieno"
2023-12-06,2023,12,06,Wednesday,49,P4,"Julia Artamonova","Sara Karimli"
2023-12-06,2023,12,06,Wednesday,49,P5,"Elena Kostyukhina","Svetlana Kivelidi"
2023-12-06,2023,12,06,Wednesday,49,P6,"Elena Kostyukhina","Lucas Marville"
2023-12-06,2023,12,06,Wednesday,49,P6,"Julia Artamonova","Davud Hydryov"
2023-12-07,2023,12,07,Thursday,49,P1,"Elena Kostyukhina","Benjamin Araud"
2023-12-07,2023,12,07,Thursday,49,P3,"Elena Kostyukhina","Nina Mamina"
2023-12-07,2023,12,07,Thursday,49,P4,"Elena Kostyukhina","Mostafa Louassini"
2023-12-07,2023,12,07,Thursday,49,P6,"Elena Kostyukhina","Kyriakos Tsafaras"
2023-12-08,2023,12,08,Friday,49,P1,"Elena Kostyukhina","Lilit Harutyunyan"
2023-12-08,2023,12,08,Friday,49,P3,"Elena Kostyukhina","Davud Hydryov"
2023-12-08,2023,12,08,Friday,49,P4,"Elena Kostyukhina","Michael Saslawski"
2023-12-08,2023,12,08,Friday,49,P5,"Elena Kostyukhina","Dr Mary Limna Dcunha"
2023-12-13,2023,12,13,Wednesday,50,P2,"Michael Saslawski","Domenico Galizia"
2023-12-13,2023,12,13,Wednesday,50,P3,"Michael Saslawski","Benjamin Araud"
2023-12-13,2023,12,13,Wednesday,50,P4,"Michael Saslawski","Svetlana Kivelidi"
2023-12-13,2023,12,13,Wednesday,50,P5,"Michael Saslawski","Sergey Alferov"
2023-12-14,2023,12,14,Thursday,50,P2,"Michael Saslawski","Julia Artamonova"
2023-12-14,2023,12,14,Thursday,50,P3,"Michael Saslawski","Mostafa Louassini"
2023-12-14,2023,12,14,Thursday,50,P4,"Michael Saslawski","Murat Kaya"
2023-12-14,2023,12,14,Thursday,50,P5,"Michael Saslawski","Svetlana Kivelidi"
2023-12-14,2023,12,14,Thursday,50,P6,"Michael Saslawski","Emily Otieno"
2024-01-10,2024,01,10,Wednesday,02,P6,"Emily Otieno","Elena Sukhova"
2024-01-19,2024,01,19,Friday,03,P2,"Peter Geiger","Julia Artamonova"
2024-01-19,2024,01,19,Friday,03,P3,"Peter Geiger","Sara Karimli"
2024-01-19,2024,01,19,Friday,03,P4,"Peter Geiger","Mostafa Louassini"
2024-01-22,2024,01,22,Monday,04,P1,"Julia Artamonova","Michael Saslawski"
2024-01-22,2024,01,22,Monday,04,P1,"Salma Shindy Sherif","Davud Hydryov"
2024-01-22,2024,01,22,Monday,04,P2,"Julia Artamonova","Emily Otieno"
2024-01-22,2024,01,22,Monday,04,P2,"Salma Shindy Sherif","Domenico Galizia"
2024-01-22,2024,01,22,Monday,04,P3,"Anna Sayiin","Sergey Alferov"
2024-01-22,2024,01,22,Monday,04,P3,"Julia Artamonova","Elena Kostyukhina"
2024-01-22,2024,01,22,Monday,04,P3,"Salma Shindy Sherif","Laura Ruiz"
2024-01-22,2024,01,22,Monday,04,P5,"Fei Yang","Gary Matos"
2024-01-22,2024,01,22,Monday,04,P6,"Fei Yang","Benjamin Araud"
2024-01-22,2024,01,22,Monday,04,P6,"Renata Orlandoni","Peter Geiger"
2024-01-22,2024,01,22,Monday,04,P6,"Salma Shindy Sherif","Nina Mamina"
2024-01-24,2024,01,24,Wednesday,04,P3,"Anna Sayiin","Sara Karimli"
2024-01-26,2024,01,26,Friday,04,P1,"Varvara Romashova","Gary Matos"
2024-01-26,2024,01,26,Friday,04,P4,"Sara Karimli","Mostafa Louassini"
2024-01-26,2024,01,26,Friday,04,P6,"Sara Karimli","Nina Mamina"
2024-01-29,2024,01,29,Monday,05,P1,"Dr Mary Limna Dcunha","Varvara Romashova"
2024-01-29,2024,01,29,Monday,05,P6,"Dr Mary Limna Dcunha","Gary Matos"
2024-02-07,2024,02,07,Wednesday,06,P3,"Anna Sayiin","Nina Mamina"
2024-02-09,2024,02,09,Friday,06,P1,"Anna Sayiin","Gary Matos"
2024-02-09,2024,02,09,Friday,06,P5,"Anna Sayiin","Emily Otieno"
2024-02-09,2024,02,09,Friday,06,P6,"Anna Sayiin","Elena Kostyukhina"
2024-02-16,2024,02,16,Friday,07,P2,"Michael Saslawski","Aytaj Hajizada"
2024-02-16,2024,02,16,Friday,07,P3,"Michael Saslawski","Benjamin Araud"
2024-02-16,2024,02,16,Friday,07,P5,"Michael Saslawski","Fei Yang"
2024-02-26,2024,02,26,Monday,09,P1,"Dr Mary Limna Dcunha","Benjamin Araud"
2024-02-27,2024,02,27,Tuesday,09,P3,"Kostas Mathioudakis","Sara Karimli"
2024-02-28,2024,02,28,Wednesday,09,P2,"Lilit Harutyunyan","Kyriakos Tsafaras"
2024-02-28,2024,02,28,Wednesday,09,P3,"Lilit Harutyunyan","Aleksey Khodyka"
2024-02-28,2024,02,28,Wednesday,09,P4,"Renata Orlandoni","Sergey Alferov"
2024-02-28,2024,02,28,Wednesday,09,P5,"Dunja Antic","Salma Shindy Sherif"
2024-02-28,2024,02,28,Wednesday,09,P6,"Lilit Harutyunyan","Michael Saslawski"
2024-02-28,2024,02,28,Wednesday,09,P6,"Renata Orlandoni","Laura Ruiz"
2024-02-29,2024,02,29,Thursday,09,P1,"Julia Artamonova","Sara Karimli"
2024-02-29,2024,02,29,Thursday,09,P2,"Julia Artamonova","Varvara Romashova"
2024-02-29,2024,02,29,Thursday,09,P3,"Dunja Antic","Mostafa Louassini"
2024-03-01,2024,03,01,Friday,09,P1,"Dunja Antic","David Haire"
2024-03-01,2024,03,01,Friday,09,P2,"Julia Artamonova","Varvara Romashova"
2024-03-01,2024,03,01,Friday,09,P4,"Dunja Antic","David Haire"
2024-03-01,2024,03,01,Friday,09,P4,"Julia Artamonova","Renata Orlandoni"
2024-03-01,2024,03,01,Friday,09,P6,"Julia Artamonova","Peter Geiger"
2024-03-05,2024,03,05,Tuesday,10,P2,"Dr Mary Limna Dcunha","Thomas Jones-Parry"
2024-03-11,2024,03,11,Monday,11,P1,"Mr Vuk","Gary Matos"
2024-03-13,2024,03,13,Wednesday,11,P2,"Sergey Alferov","Davud Hydryov"
2024-03-13,2024,03,13,Wednesday,11,P4,"Renata Orlandoni","Sara Karimli"
2024-03-13,2024,03,13,Wednesday,11,P6,"Renata Orlandoni","Lucas Marville"
2024-03-14,2024,03,14,Thursday,11,P1,"Renata Orlandoni","Domenico Galizia"
2024-03-14,2024,03,14,Thursday,11,P2,"Renata Orlandoni","Gary Matos"
2024-03-14,2024,03,14,Thursday,11,P6,"Kyriakos Tsafaras","Julia Artamonova"
2024-03-15,2024,03,15,Friday,11,P2,"Kyriakos Tsafaras","Salma Shindy Sherif"
2024-03-15,2024,03,15,Friday,11,P5,"Kyriakos Tsafaras","Fei Yang"
2024-03-15,2024,03,15,Friday,11,P6,"Kyriakos Tsafaras","Renata Orlandoni"
2024-03-15,2024,03,15,Friday,11,P6,"Mr Vuk","Audrey Oduor"
2024-03-18,2024,03,18,Monday,12,P2,"Kyriakos Tsafaras","Aytaj Hajizada"
2024-03-18,2024,03,18,Monday,12,P3,"Kyriakos Tsafaras","Laura Ruiz"
2024-03-18,2024,03,18,Monday,12,P4,"Kyriakos Tsafaras","Salma Shindy Sherif"
2024-03-20,2024,03,20,Wednesday,12,P2,"Honey Bathia","Peter Geiger"
2024-03-20,2024,03,20,Wednesday,12,P4,"Honey Bathia","Sara Karimli"
2024-03-20,2024,03,20,Wednesday,12,P5,"Honey Bathia","Salma Shindy Sherif"
2024-03-22,2024,03,22,Friday,12,P2,"Aytaj Hajizada","Salma Shindy Sherif"
2024-03-22,2024,03,22,Friday,12,P3,"Aleksey Khodyka","Murat Kaya"
2024-04-01,2024,04,01,Monday,14,P3,"Emily Otieno","Fei Yang"
2024-04-01,2024,04,01,Monday,14,P4,"Emily Otieno","Michael Saslawski"
2024-04-01,2024,04,01,Monday,14,P5,"Emily Otieno","Mostafa Louassini"
2024-04-05,2024,04,05,Friday,14,P3,"Aleksey Khodyka","Julia Artamonova"
2024-04-08,2024,04,08,Monday,15,P5,"Audrey Oduor","Julia Artamonova"
2024-04-09,2024,04,09,Tuesday,15,P1,"Sara Karimli","Michael Saslawski"
2024-04-09,2024,04,09,Tuesday,15,P3,"Audrey Oduor","Gary Matos"
2024-04-09,2024,04,09,Tuesday,15,P4,"Sara Karimli","Dr Mary Limna Dcunha"
2024-04-10,2024,04,10,Wednesday,15,P2,"Audrey Oduor","Davud Hydryov"
2024-04-10,2024,04,10,Wednesday,15,P4,"Anna Sayiin","Sara Karimli"
2024-04-10,2024,04,10,Wednesday,15,P5,"Anna Sayiin","Aaron Rodriguez"
2024-04-10,2024,04,10,Wednesday,15,P6,"Anna Sayiin","Aleksey Khodyka"
2024-04-11,2024,04,11,Thursday,15,P2,"Emily Otieno","Davud Hydryov"
2024-04-11,2024,04,11,Thursday,15,P6,"Emily Otieno","Julia Artamonova"
2024-04-12,2024,04,12,Friday,15,P2,"Emily Otieno","Sara Karimli"
2024-04-12,2024,04,12,Friday,15,P4,"Emily Otieno","Michael Saslawski"
2024-04-12,2024,04,12,Friday,15,P4,"Nina Mamina","Mostafa Louassini"
2024-04-12,2024,04,12,Friday,15,P5,"Nina Mamina","Fei Yang"
2024-04-18,2024,04,18,Thursday,16,P1,"Renata Orlandoni","Domenico Galizia"
2024-04-18,2024,04,18,Thursday,16,P2,"Elena Kostyukhina","Davud Hydryov"
2024-04-18,2024,04,18,Thursday,16,P2,"Renata Orlandoni","Peter Geiger"
2024-04-18,2024,04,18,Thursday,16,P3,"Elena Kostyukhina","Audrey Oduor"
2024-04-18,2024,04,18,Thursday,16,P4,"Elena Kostyukhina","Nina Mamina"
2024-04-18,2024,04,18,Thursday,16,P5,"Elena Kostyukhina","Svetlana Kivelidi"
2024-04-19,2024,04,19,Friday,16,P4,"Nina Mamina","Aleksey Khodyka"
2024-04-19,2024,04,19,Friday,16,P5,"Nina Mamina","Emily Otieno"
2024-04-22,2024,04,22,Monday,17,P1,"Elena Kostyukhina","Gary Matos"
2024-04-22,2024,04,22,Monday,17,P1,"Mr Vuk","Lilit Harutyunyan"
2024-04-22,2024,04,22,Monday,17,P2,"Elena Kostyukhina","Aytaj Hajizada"
2024-04-22,2024,04,22,Monday,17,P4,"Benjamin Araud","Julia Artamonova"
2024-04-22,2024,04,22,Monday,17,P4,"Elena Kostyukhina","Dr Mary Limna Dcunha"
2024-04-22,2024,04,22,Monday,17,P6,"Elena Kostyukhina","Audrey Oduor"
2024-04-23,2024,04,23,Tuesday,17,P2,"Elena Kostyukhina","Audrey Oduor"
2024-04-23,2024,04,23,Tuesday,17,P4,"Elena Kostyukhina","Audrey Oduor"
2024-04-23,2024,04,23,Tuesday,17,P5,"Elena Kostyukhina","Sara Karimli"
2024-04-23,2024,04,23,Tuesday,17,P6,"Elena Kostyukhina","Gary Matos"
2024-04-24,2024,04,24,Wednesday,17,P2,"Elena Kostyukhina","Dr Mary Limna Dcunha"
2024-04-24,2024,04,24,Wednesday,17,P3,"Elena Kostyukhina","Audrey Oduor"
2024-04-24,2024,04,24,Wednesday,17,P5,"Elena Kostyukhina","Benjamin Araud"
2024-04-24,2024,04,24,Wednesday,17,P6,"Elena Kostyukhina","Michael Saslawski"
2024-04-25,2024,04,25,Thursday,17,P2,"Elena Kostyukhina","Audrey Oduor"
2024-04-25,2024,04,25,Thursday,17,P3,"Elena Kostyukhina","Mostafa Louassini"
2024-04-25,2024,04,25,Thursday,17,P4,"Elena Kostyukhina","Sara Karimli"
2024-04-25,2024,04,25,Thursday,17,P5,"Elena Kostyukhina","Julia Artamonova"
2024-04-25,2024,04,25,Thursday,17,P6,"Maria Metrokhina","Davud Hydryov"
2024-04-26,2024,04,26,Friday,17,P1,"Elena Kostyukhina","Michael Saslawski"
2024-04-26,2024,04,26,Friday,17,P1,"Murat Sevencan","Emily Otieno"
2024-04-26,2024,04,26,Friday,17,P2,"Elena Kostyukhina","Aleksey Khodyka"
2024-04-26,2024,04,26,Friday,17,P2,"Murat Sevencan","Murat Kaya"
2024-04-26,2024,04,26,Friday,17,P3,"Elena Kostyukhina","Lilit Harutyunyan"
2024-04-26,2024,04,26,Friday,17,P5,"Murat Sevencan","Davud Hydryov"
2024-04-26,2024,04,26,Friday,17,P6,"Elena Kostyukhina","Nina Mamina"
2024-04-26,2024,04,26,Friday,17,P6,"Murat Sevencan","Benjamin Araud"
2024-05-22,2024,05,22,Wednesday,21,P4,"Julia Artamonova","Sara Karimli"
2024-05-22,2024,05,22,Wednesday,21,P5,"Julia Artamonova","Renata Orlandoni"
2024-05-22,2024,05,22,Wednesday,21,P6,"Julia Artamonova","Murat Kaya"
2024-05-23,2024,05,23,Thursday,21,P1,"Julia Artamonova","Emily Otieno"
2024-05-23,2024,05,23,Thursday,21,P2,"Julia Artamonova","Davud Hydryov"
2024-05-23,2024,05,23,Thursday,21,P2,"Michael Saslawski","Audrey Oduor"
2024-05-23,2024,05,23,Thursday,21,P3,"Michael Saslawski","Domenico Galizia"
2024-05-23,2024,05,23,Thursday,21,P4,"Michael Saslawski","Renata Orlandoni"
2024-05-23,2024,05,23,Thursday,21,P5,"Michael Saslawski","Murat Sevencan"
2024-05-24,2024,05,24,Friday,21,P1,"Aytaj Hajizada","Michael Saslawski"
2024-05-24,2024,05,24,Friday,21,P2,"Aytaj Hajizada","Davud Hydryov"
2024-05-24,2024,05,24,Friday,21,P2,"Julia Artamonova","Sara Karimli"
2024-05-24,2024,05,24,Friday,21,P4,"Julia Artamonova","Laura Ruiz"
2024-05-24,2024,05,24,Friday,21,P6,"Julia Artamonova","Nina Mamina"
2024-05-27,2024,05,27,Monday,22,P4,"Fei Yang","Sara Karimli"
2024-05-27,2024,05,27,Monday,22,P5,"Emily Otieno","Svetlana Kivelidi"
2024-05-29,2024,05,29,Wednesday,22,P4,"Anna Sayiin","Benjamin Araud"
2024-05-29,2024,05,29,Wednesday,22,P4,"Craig Campion","Kyriakos Tsafaras"
2024-05-29,2024,05,29,Wednesday,22,P5,"Anna Sayiin","Salma Shindy Sherif"
2024-05-29,2024,05,29,Wednesday,22,P6,"Anna Sayiin","Lucas Marville"
2024-05-31,2024,05,31,Friday,22,P1,"Dr Mary Limna Dcunha","Audrey Oduor"
2024-06-03,2024,06,03,Monday,23,P1,"Peter Geiger","Julia Artamonova"
2024-06-03,2024,06,03,Monday,23,P5,"Emily Otieno","Kyriakos Tsafaras"
2024-06-03,2024,06,03,Monday,23,P5,"Peter Geiger","Julia Artamonova"
2024-06-03,2024,06,03,Monday,23,P6,"Peter Geiger","Julia Artamonova"
2024-06-04,2024,06,04,Tuesday,23,P1,"Nina Mamina","Benjamin Araud"
2024-06-04,2024,06,04,Tuesday,23,P1,"Peter Geiger","Julia Artamonova"
2024-06-04,2024,06,04,Tuesday,23,P4,"Nina Mamina","Emily Otieno"
2024-06-04,2024,06,04,Tuesday,23,P5,"Nina Mamina","Audrey Oduor"
2024-06-05,2024,06,05,Wednesday,23,P4,"Peter Geiger","Julia Artamonova"
2024-06-06,2024,06,06,Thursday,23,P3,"Peter Geiger","Julia Artamonova"
2024-06-06,2024,06,06,Thursday,23,P5,"Peter Geiger","Julia Artamonova"
2024-06-06,2024,06,06,Thursday,23,P6,"Peter Geiger","Julia Artamonova"
2024-06-07,2024,06,07,Friday,23,P2,"Michael Saslawski","Davud Hydryov"
2024-06-07,2024,06,07,Friday,23,P3,"Michael Saslawski","Murat Sevencan"
2024-06-07,2024,06,07,Friday,23,P3,"Peter Geiger","Julia Artamonova"
2024-06-07,2024,06,07,Friday,23,P4,"Peter Geiger","Laura Ruiz"
2024-06-07,2024,06,07,Friday,23,P5,"Michael Saslawski","Sergey Alferov"
2024-06-07,2024,06,07,Friday,23,P5,"Peter Geiger","Julia Artamonova"
2024-06-07,2024,06,07,Friday,23,P6,"Michael Saslawski","Dr Mary Limna Dcunha"
2024-06-10,2024,06,10,Monday,24,P1,"Peter Geiger","Julia Artamonova"
2024-06-10,2024,06,10,Monday,24,P5,"Peter Geiger","Julia Artamonova"
2024-06-10,2024,06,10,Monday,24,P6,"Peter Geiger","Julia Artamonova"
2024-06-11,2024,06,11,Tuesday,24,P1,"Nina Mamina","Benjamin Araud"
2024-06-11,2024,06,11,Tuesday,24,P1,"Peter Geiger","Julia Artamonova"
2024-06-11,2024,06,11,Tuesday,24,P2,"Salma Shindy Sherif","Emily Otieno"
2024-06-11,2024,06,11,Tuesday,24,P3,"Salma Shindy Sherif","Dr Mary Limna Dcunha"
2024-06-11,2024,06,11,Tuesday,24,P4,"Nina Mamina","Sergey Alferov"
2024-06-11,2024,06,11,Tuesday,24,P4,"Salma Shindy Sherif","Audrey Oduor"
2024-06-11,2024,06,11,Tuesday,24,P5,"Nina Mamina","Varvara Romashova"
2024-06-11,2024,06,11,Tuesday,24,P6,"Salma Shindy Sherif","Sara Karimli"
2024-06-13,2024,06,13,Thursday,24,P3,"Peter Geiger","Julia Artamonova"
2024-06-13,2024,06,13,Thursday,24,P5,"Peter Geiger","Julia Artamonova"
2024-06-13,2024,06,13,Thursday,24,P6,"Peter Geiger","Julia Artamonova"
2024-06-14,2024,06,14,Friday,24,P3,"Peter Geiger","Julia Artamonova"
2024-06-14,2024,06,14,Friday,24,P4,"Peter Geiger","Laura Ruiz"
2024-06-14,2024,06,14,Friday,24,P5,"Anna Sayiin","Emily Otieno"
2024-06-14,2024,06,14,Friday,24,P5,"Peter Geiger","Julia Artamonova"
2024-06-17,2024,06,17,Monday,25,P6,"Lilit Harutyunyan","Sergey Alferov"
2024-06-25,2024,06,25,Tuesday,26,P1,"Anna Sayiin","Nina Mamina"
2024-06-25,2024,06,25,Tuesday,26,P2,"Michael Saslawski","Daniel Kekere"
2024-06-25,2024,06,25,Tuesday,26,P3,"Michael Saslawski","Thomas Jones-Parry"
2024-06-25,2024,06,25,Tuesday,26,P4,"Anna Sayiin","Murat Sevencan"
2024-06-25,2024,06,25,Tuesday,26,P4,"Michael Saslawski","Sergey Alferov"
2024-06-25,2024,06,25,Tuesday,26,P6,"Anna Sayiin","Davud Hydryov"
2024-06-25,2024,06,25,Tuesday,26,P6,"Michael Saslawski","Sara Karimli"
2025-04-10,2025,04,10,Thursday,14,P5,"Emily Otieno","Kostas Mathioudakis"
2025-04-10,2025,04,10,Thursday,14,P6,"Emily Otieno","Aleksey Khodyka"
